benchmark,model,mlir_baseline,v0_exec_time,v0_speedup,v45_exec_time,v45_speedup,v45_vs_v0_ratio,pytorch_eager,pytorch_jit
albert_batch_matmul_3,albert,30468,6781419.0,0.0045,108311.0,0.2813,62.6106,12153,18694
albert_block_1004,albert,23603852,14019861.0,1.6836,5265146.0,4.483,2.6628,206371,212897
albert_block_1061,albert,15810,6820.0,2.3182,6331.0,2.4972,1.0772,1681,8930
albert_block_1072,albert,23425334,6395777.0,3.6626,5203596.0,4.5018,1.2291,4481,8737
albert_block_1073,albert,22639908,15697071.0,1.4423,5260886.0,4.3034,2.9837,18466,25156
albert_block_1093,albert,21114649,21298125.0,0.9914,7690248.0,2.7456,2.7695,57314,64549
albert_block_1094,albert,38985,39891.0,0.9773,29751.0,1.3104,1.3408,6530,11713
albert_block_1095,albert,20910827,13652790.0,1.5316,5158309.0,4.0538,2.6468,203275,230495
albert_block_11,albert,1839089,10616093.0,0.1732,825887.0,2.2268,12.8542,6626,11512
albert_block_1103,albert,38930,42870.0,0.9081,35390.0,1.1,1.2114,6495,11826
albert_block_1104,albert,33393,21590.0,1.5467,18080.0,1.847,1.1941,4463,8592
albert_block_1118,albert,92698042,124813962.0,0.7427,118127724.0,0.7847,1.0566,2447,6152
albert_block_1130,albert,85350753,139767499.0,0.6107,71432010.0,1.1949,1.9567,215205,202730
albert_block_115,albert,31954,25441.0,1.256,21520.0,1.4849,1.1822,6385,11618
albert_block_1167,albert,23781,21361.0,1.1133,12349.0,1.9257,1.7298,6434,11701
albert_block_117,albert,29016,23710.0,1.2238,18310.0,1.5847,1.2949,6428,11718
albert_block_1175,albert,20821938,13421609.0,1.5514,5163339.0,4.0326,2.5994,18039,24459
albert_block_1178,albert,22587837,12601264.0,1.7925,5175656.0,4.3642,2.4347,18039,24150
albert_block_1179,albert,20822633,8621691.0,2.4151,5174519.0,4.0241,1.6662,17211,24922
albert_block_1192,albert,21902,12390363.0,0.0018,32360.0,0.6768,382.8913,7645,14018
albert_block_126,albert,20843519,25529590.0,0.8164,5162289.0,4.0377,4.9454,18650,24439
albert_block_1265,albert,38283,44760.0,0.8553,32161.0,1.1904,1.3917,6418,11388
albert_block_1266,albert,34799,38950.0,0.8934,38310.0,0.9084,1.0167,6355,11502
albert_block_127,albert,20917461,17148050.0,1.2198,5156520.0,4.0565,3.3255,4388,8735
albert_block_149,albert,39122,41930.0,0.933,36960.0,1.0585,1.1345,6361,11612
albert_block_161,albert,31544,24970.0,1.2633,23250.0,1.3567,1.074,7442,11590
albert_block_162,albert,12870,7100.0,1.8127,6420.0,2.0047,1.1059,1617,9351
albert_block_163,albert,29855,23370.0,1.2775,22271.0,1.3405,1.0493,6290,12982
albert_block_17,albert,22614502,29693214.0,0.7616,6004295.0,3.7664,4.9453,6675,11520
albert_block_18,albert,22451395,23113195.0,0.9714,5952915.0,3.7715,3.8827,3942,18961
albert_block_2,albert,5444,6080.0,0.8954,5691.0,0.9566,1.0684,5195,9919
albert_block_222,albert,29488,21480.0,1.3728,13360.0,2.2072,1.6078,6631,11889
albert_block_235,albert,22618893,14558405.0,1.5537,5328837.0,4.2446,2.732,4429,8519
albert_block_255,albert,22776378,12740044.0,1.7878,5138456.0,4.4325,2.4794,205596,211061
albert_block_260,albert,21056279,17400532.0,1.2101,5194080.0,4.0539,3.3501,203720,211715
albert_block_265,albert,35439,52610.0,0.6736,33310.0,1.0639,1.5794,6456,11622
albert_block_283,albert,85904034,104968615.0,0.8184,73412195.0,1.1702,1.4299,195371,202570
albert_block_290,albert,85121556,73794242.0,1.1535,72382087.0,1.176,1.0195,199109,206890
albert_block_309,albert,40893,37841.0,1.0807,26520.0,1.542,1.4269,7894,11816
albert_block_336,albert,21140726,15464820.0,1.367,5157689.0,4.0989,2.9984,19277,24395
albert_block_338,albert,20987690,11376846.0,1.8448,5189079.0,4.0446,2.1925,19438,23758
albert_block_365,albert,20892198,9133344.0,2.2875,5131038.0,4.0717,1.78,202220,209416
albert_block_369,albert,32922,21580.0,1.5256,19540.0,1.6849,1.1044,4438,8432
albert_block_374,albert,20917657,17295761.0,1.2094,5315850.0,3.935,3.2536,202274,208059
albert_block_385,albert,92644146,102169859.0,0.9068,86883616.0,1.0663,1.1759,2538,7315
albert_block_40,albert,1661603,12099601.0,0.1373,837427.0,1.9842,14.4485,3481,16107
albert_block_416,albert,84424133,74174605.0,1.1382,70818824.0,1.1921,1.0474,192937,199987
albert_block_457,albert,22956,16688258.0,0.0014,32001.0,0.7174,521.4918,7889,12881
albert_block_465,albert,20871334,13590380.0,1.5357,5163759.0,4.0419,2.6319,201748,207914
albert_block_472,albert,38511,39180.0,0.9829,26290.0,1.4649,1.4903,6479,11640
albert_block_476,albert,30274,25970.0,1.1657,23150.0,1.3077,1.1218,6438,11727
albert_block_5,albert,4264,3880.0,1.099,3510.0,1.2148,1.1054,5343,9877
albert_block_51,albert,1760243,17265652.0,0.102,839857.0,2.0959,20.5578,34219,40363
albert_block_52,albert,38429,41200.0,0.9327,26230.0,1.4651,1.5707,6531,12056
albert_block_532,albert,27533,21950.0,1.2544,15581.0,1.7671,1.4088,4481,8534
albert_block_536,albert,12772,6960.0,1.8351,6310.0,2.0241,1.103,1709,8974
albert_block_546,albert,20476612,14962008.0,1.3686,5140099.0,3.9837,2.9108,18227,25849
albert_block_57,albert,12852,6931.0,1.8543,6490.0,1.9803,1.068,1647,9156
albert_block_570,albert,22815347,16731677.0,1.3636,5144425.0,4.435,3.2524,202357,208941
albert_block_577,albert,38263,43110.0,0.8876,40200.0,0.9518,1.0724,6530,11735
albert_block_578,albert,36374,42620.0,0.8534,37821.0,0.9617,1.1269,6506,11552
albert_block_583,albert,28509,21920.0,1.3006,20060.0,1.4212,1.0927,6401,11829
albert_block_595,albert,95615756,116892845.0,0.818,105634265.0,0.9052,1.1066,2411,5906
albert_block_60,albert,1767242,13271298.0,0.1332,858227.0,2.0592,15.4636,33314,40862
albert_block_640,albert,30866,24270.0,1.2718,22980.0,1.3432,1.0561,6525,11630
albert_block_641,albert,12802,6480.0,1.9756,6470.0,1.9787,1.0015,1839,10415
albert_block_652,albert,20420391,8385669.0,2.4352,5176279.0,3.945,1.62,4447,8795
albert_block_654,albert,20722012,17999815.0,1.1512,5292640.0,3.9153,3.4009,17636,24120
albert_block_673,albert,23725633,10547742.0,2.2494,7653794.0,3.0999,1.3781,57233,64091
albert_block_683,albert,39673,41440.0,0.9574,36821.0,1.0775,1.1254,6647,11631
albert_block_689,albert,23587240,10613792.0,2.2223,5261586.0,4.4829,2.0172,202797,210191
albert_block_70,albert,88721242,124619381.0,0.7119,122548533.0,0.724,1.0169,2762,6558
albert_block_741,albert,38244,40260.0,0.9499,27380.0,1.3968,1.4704,6603,11458
albert_block_743,albert,35166,31660.0,1.1107,31020.0,1.1337,1.0206,6529,11496
albert_block_755,albert,20542150,17834915.0,1.1518,5166099.0,3.9763,3.4523,17998,24524
albert_block_756,albert,20710710,12804485.0,1.6175,5324760.0,3.8895,2.4047,17996,24418
albert_block_762,albert,20559455,8532530.0,2.4095,5163199.0,3.9819,1.6526,18159,24162
albert_block_772,albert,22474,24605274.0,0.0009,30880.0,0.7278,796.8029,7687,14373
albert_block_778,albert,20818847,18063525.0,1.1525,7877750.0,2.6427,2.293,56281,62467
albert_block_780,albert,20723296,15572881.0,1.3307,5133418.0,4.0369,3.0336,201357,209022
albert_block_790,albert,34696,35810.0,0.9689,34970.0,0.9922,1.024,6679,11675
albert_block_791,albert,31145,25200.0,1.2359,23680.0,1.3152,1.0642,6480,11701
albert_block_793,albert,21978,21740.0,1.0109,20180.0,1.0891,1.0773,6510,11365
albert_block_794,albert,22903940,11535707.0,1.9855,5181696.0,4.4202,2.2262,201493,207409
albert_block_811,albert,89895507,112180747.0,0.8013,98287890.0,0.9146,1.1413,2498,6144
albert_block_815,albert,83540080,117138178.0,0.7132,99750261.0,0.8375,1.1743,193358,200041
albert_block_851,albert,12772,6680.0,1.912,6410.0,1.9925,1.0421,1690,9209
albert_block_859,albert,20606909,9254454.0,2.2267,5220719.0,3.9471,1.7726,4484,8545
albert_block_861,albert,20536763,12495423.0,1.6435,5160838.0,3.9793,2.4212,18110,24561
albert_block_88,albert,83670989,111730155.0,0.7489,81742254.0,1.0236,1.3669,194067,200970
albert_block_888,albert,20783740,19991967.0,1.0396,7683958.0,2.7048,2.6018,56358,63520
albert_block_942,albert,35141,27680.0,1.2695,27320.0,1.2863,1.0132,6472,11475
albert_block_952,albert,31853,21980.0,1.4492,17520.0,1.8181,1.2546,5263,8619
albert_block_966,albert,20445368,15517361.0,1.3176,5209789.0,3.9244,2.9785,18016,25638
albert_block_968,albert,22798192,16530906.0,1.3791,5185226.0,4.3968,3.1881,19006,23910
albert_block_982,albert,26196,30444979.0,0.0009,32380.0,0.809,940.2402,7866,12781
albert_block_989,albert,33532,37770.0,0.8878,24750.0,1.3548,1.5261,6471,11589
albert_block_990,albert,22604492,10325040.0,2.1893,5225487.0,4.3258,1.9759,202949,208753
albert_block_992,albert,22626884,11759708.0,1.9241,5133456.0,4.4077,2.2908,3634,18237
albert_block_998,albert,34551,41040.0,0.8419,29471.0,1.1724,1.3926,6606,11557
albert_generic_11,albert,924,1880.0,0.4915,1410.0,0.6553,1.3333,6800,11538
albert_generic_27,albert,15747,6631.0,2.3748,6350.0,2.4798,1.0443,6582,11436
bart_batch_matmul_1,bart,191762,15077648.0,0.0127,102631.0,1.8685,146.9112,11891,16479
bart_block_102,bart,22695902,17381061.0,1.3058,5192777.0,4.3707,3.3472,18940,23832
bart_block_120,bart,27219,30283296.0,0.0009,31111.0,0.8749,973.3951,7725,12565
bart_block_13,bart,22672998,15940213.0,1.4224,5199637.0,4.3605,3.0656,19748,23820
bart_block_130,bart,23213649,20897843.0,1.1108,5139799.0,4.5165,4.0659,3521,17966
bart_block_131,bart,23791175,16309215.0,1.4588,8529653.0,2.7892,1.9121,55743,62949
bart_block_136,bart,34655,38811.0,0.8929,23910.0,1.4494,1.6232,6661,11453
bart_block_138,bart,30680,35260.0,0.8701,29891.0,1.0264,1.1796,6649,11332
bart_block_16,bart,23057760,10286780.0,2.2415,5174549.0,4.456,1.988,18339,25290
bart_block_183,bart,26770,20910.0,1.2802,15670.0,1.7084,1.3344,4495,8474
bart_block_187,bart,21360,21760.0,0.9816,20460.0,1.044,1.0635,6803,11728
bart_block_195,bart,23045019,11300816.0,2.0392,5251969.0,4.3879,2.1517,18647,24367
bart_block_212,bart,23827,35749960.0,0.0007,30121.0,0.791,1186.8783,7309,13206
bart_block_221,bart,23084880,16410986.0,1.4067,5191709.0,4.4465,3.161,204995,212988
bart_block_223,bart,23053183,15516051.0,1.4858,5154399.0,4.4725,3.0103,3548,16920
bart_block_232,bart,25207,24870.0,1.0136,23110.0,1.0907,1.0762,6744,11817
bart_block_235,bart,23046040,12863115.0,1.7916,5163029.0,4.4637,2.4914,202201,208428
bart_block_274,bart,33382,40591.0,0.8224,35101.0,0.951,1.1564,6371,11505
bart_block_277,bart,29453,36380.0,0.8096,32431.0,0.9082,1.1218,6674,13249
bart_block_280,bart,21168,21280.0,0.9947,18500.0,1.1442,1.1503,6724,11592
bart_block_287,bart,23202655,14255903.0,1.6276,5170359.0,4.4876,2.7572,4471,8442
bart_block_370,bart,29328,28950.0,1.0131,27520.0,1.0657,1.052,6646,11540
bart_block_380,bart,23184446,12487683.0,1.8566,5157688.0,4.4951,2.4212,4485,8454
bart_block_382,bart,23324292,13424099.0,1.7375,5165628.0,4.5153,2.5987,18059,25040
bart_block_453,bart,35585,30341.0,1.1728,27380.0,1.2997,1.1081,6908,11955
bart_block_461,bart,36636,42610.0,0.8598,37801.0,0.9692,1.1272,6613,11827
bart_block_474,bart,23207191,12176351.0,1.9059,5180538.0,4.4797,2.3504,18465,24375
bart_block_475,bart,23692073,16986449.0,1.3948,5179989.0,4.5738,3.2792,18411,24580
bart_block_48,bart,22311,21030.0,1.0609,15791.0,1.4129,1.3318,6523,11915
bart_block_481,bart,23626351,12133541.0,1.9472,5166068.0,4.5734,2.3487,18283,24597
bart_block_491,bart,27106,28146205.0,0.001,33220.0,0.816,847.2669,7193,12145
bart_block_498,bart,23873432,24150491.0,0.9885,7593686.0,3.1439,3.1803,58176,65230
bart_block_500,bart,23307775,18676258.0,1.248,5279028.0,4.4152,3.5378,203366,209126
bart_block_511,bart,26781,24510.0,1.0927,13640.0,1.9634,1.7969,6488,11594
bart_block_8,bart,23349688,13114367.0,1.7805,5190909.0,4.4982,2.5264,4420,8786
bart_block_88,bart,34001,39440.0,0.8621,26961.0,1.2611,1.4629,6550,11684
bart_block_9,bart,23265219,15404480.0,1.5103,5219799.0,4.4571,2.9512,19006,25403
bench_1034,bench,1359064,20987372.0,0.0648,1526561.0,0.8903,13.7481,101558,106595
bench_1036,bench,17121206,65946575.0,0.2596,34028207.0,0.5031,1.938,1517286,1519797
bench_1041,bench,286682,34761309.0,0.0082,201771.0,1.4208,172.281,5934,11171
bench_1047,bench,1885648,11667403.0,0.1616,2317415.0,0.8137,5.0347,27663,34129
bench_1049,bench,50381926,149837822.0,0.3362,117770187.0,0.4278,1.2723,13332555,13341266
bench_1058,bench,1174244,63591610.0,0.0185,2888040.0,0.4066,22.019,18582,28042
bench_1059,bench,27060973,242053882.0,0.1118,28216589.0,0.959,8.5784,1794898,1794096
bench_1111,bench,153660473,2669873344.0,0.0576,1325018419.0,0.116,2.015,19452,27113
bench_1125,bench,49380117,193242425.0,0.2555,99912287.0,0.4942,1.9341,637076,692704
bench_1166,bench,21518885,56451855.0,0.3812,38830208.0,0.5542,1.4538,18781,27830
bench_1176,bench,2564845,17686551.0,0.145,6733754.0,0.3809,2.6266,203031,207445
bench_130,bench,2805044,18644427.0,0.1504,2917709.0,0.9614,6.3901,1232635,1241601
bench_1357,bench,22700997,71975082.0,0.3154,65473221.0,0.3467,1.0993,25565,34591
bench_1411,bench,296076970,980103481.0,0.3021,837399904.0,0.3536,1.1704,371042579,371321146
bench_1503,bench,795324,50303216.0,0.0158,1670021.0,0.4762,30.1213,18490,28193
bench_1504,bench,30332713,111414820.0,0.2723,55540346.0,0.5461,2.006,71642,78312
bench_1512,bench,617761,75263433.0,0.0082,854185.0,0.7232,88.1114,15659,24899
bench_1567,bench,2145479,60044367.0,0.0357,3447083.0,0.6224,17.4189,26383,35320
bench_1584,bench,11239429,34083544.0,0.3298,15566483.0,0.722,2.1895,70929,79157
bench_1615,bench,312785,35558313.0,0.0088,392612.0,0.7967,90.5686,5665,11160
bench_1637,bench,35388720,80068103.0,0.442,70292052.0,0.5035,1.1391,12259036,12262521
bench_1664,bench,461773,20367388.0,0.0227,759025.0,0.6084,26.8336,80393,85596
bench_1680,bench,40051530,99933768.0,0.4008,48053897.0,0.8335,2.0796,75879163,77617269
bench_1709,bench,27474618,62899796.0,0.4368,43336816.0,0.634,1.4514,14360377,14377885
bench_1729,bench,2530250,57663633.0,0.0439,6602454.0,0.3832,8.7337,25606,34032
bench_1748,bench,6870614,40777846.0,0.1685,18845925.0,0.3646,2.1637,1848448,1835707
bench_1817,bench,14772921,36873362.0,0.4006,31053134.0,0.4757,1.1874,12380686,12393020
bench_1851,bench,1232784,14910663.0,0.0827,3326472.0,0.3706,4.4824,18629,27845
bench_1859,bench,31008271,64583046.0,0.4801,54475119.0,0.5692,1.1856,111898,122008
bench_1874,bench,58253619,145455434.0,0.4005,74835604.0,0.7784,1.9437,39774631,39854884
bench_1891,bench,438708,30570602.0,0.0144,645974.0,0.6791,47.3248,19769,27987
bench_1910,bench,4725609,69816388.0,0.0677,11136374.0,0.4243,6.2692,30135,38901
bench_1975,bench,3581799,68175959.0,0.0525,8340385.0,0.4295,8.1742,36476,43646
bench_1977,bench,24537098,96035454.0,0.2555,50139103.0,0.4894,1.9154,70958,98912
bench_1981,bench,83433049,299401932.0,0.2787,117408568.0,0.7106,2.5501,3614444,3631753
bench_2012,bench,1345254,48066012.0,0.028,761475.0,1.7666,63.1222,27869,34408
bench_2036,bench,1059222,64427405.0,0.0164,1370369.0,0.7729,47.0146,15667,24572
bench_2076,bench,1572964,23834790.0,0.066,2201915.0,0.7144,10.8246,212353,237746
bench_2150,bench,23403941,44387219.0,0.5273,28511930.0,0.8208,1.5568,5604244,5615185
bench_2160,bench,45674811,154098599.0,0.2964,64927813.0,0.7035,2.3734,6948468,6951507
bench_2185,bench,12996046,39873761.0,0.3259,10725141.0,1.2117,3.7178,774483,780031
bench_2224,bench,13394718,70833846.0,0.1891,30494802.0,0.4392,2.3228,1075760,1082747
bench_2226,bench,2470670,24346783.0,0.1015,5445066.0,0.4537,4.4713,56200,65355
bench_2261,bench,9646927,61164054.0,0.1577,25564180.0,0.3774,2.3926,53153,61797
bench_2275,bench,19255050,71371599.0,0.2698,39467233.0,0.4879,1.8084,3093921,3100960
bench_229,bench,6668554,52974233.0,0.1259,15224561.0,0.438,3.4795,15353,24505
bench_2318,bench,194109,33282079.0,0.0058,320002.0,0.6066,104.0058,121930,131778
bench_232,bench,11450563,42821160.0,0.2674,33823766.0,0.3385,1.266,3673713,3699480
bench_2352,bench,659878,31049685.0,0.0213,1585561.0,0.4162,19.5828,419173,428049
bench_2375,bench,12469126,40122082.0,0.3108,18414982.0,0.6771,2.1788,15898,26049
bench_2378,bench,1400768,36101787.0,0.0388,1262779.0,1.1093,28.5892,111156,116669
bench_2388,bench,5405373,27721764.0,0.195,6118481.0,0.8835,4.5308,45656,53564
bench_239,bench,1642499,30930655.0,0.0531,5432916.0,0.3023,5.6932,35762,44251
bench_2442,bench,21537843,49081508.0,0.4388,21669305.0,0.9939,2.265,304588,349452
bench_2451,bench,677215,53203895.0,0.0127,5658128.0,0.1197,9.4031,50103,60220
bench_2455,bench,110564,59417974.0,0.0019,208771.0,0.5296,284.6084,5147,10329
bench_2460,bench,2401062,18071994.0,0.1329,3831266.0,0.6267,4.717,1453336,1462025
bench_2478,bench,5469855,28598440.0,0.1913,25727192.0,0.2126,1.1116,52138,61108
bench_2495,bench,9948599,82494248.0,0.1206,35965540.0,0.2766,2.2937,45440,52960
bench_2503,bench,60265678,163582209.0,0.3684,112307391.0,0.5366,1.4566,2544354,2527316
bench_2504,bench,31760789,66917311.0,0.4746,61302990.0,0.5181,1.0916,26057346,26163910
bench_2507,bench,74848902,309916469.0,0.2415,120182953.0,0.6228,2.5787,31913640,31955080
bench_259,bench,56869855,244229606.0,0.2329,183400185.0,0.3101,1.3317,32975447,32950705
bench_2609,bench,39132050,89975336.0,0.4349,39431674.0,0.9924,2.2818,9192817,9203694
bench_262,bench,1207845,63991112.0,0.0189,2507787.0,0.4816,25.517,19581,28051
bench_2718,bench,9086858,68658992.0,0.1323,19960414.0,0.4552,3.4398,4278390,4307157
bench_2740,bench,3827883,53060153.0,0.0721,8048443.0,0.4756,6.5926,30313,40345
bench_2754,bench,1170743,17047268.0,0.0687,887737.0,1.3188,19.2031,1247405,1260197
bench_2821,bench,3142592,24107582.0,0.1304,3655054.0,0.8598,6.5957,176730,180443
bench_283,bench,11794303,64872768.0,0.1818,32260865.0,0.3656,2.0109,5189044,5217200
bench_2888,bench,408172,30735224.0,0.0133,405052.0,1.0077,75.8797,144571,154749
bench_2889,bench,24777626,50964951.0,0.4862,45363283.0,0.5462,1.1235,71826,80710
bench_2920,bench,26344792,37083973.0,0.7104,36244702.0,0.7269,1.0232,99098,107128
bench_2985,bench,72692448,269918847.0,0.2693,203390499.0,0.3574,1.3271,3518169,3495585
bench_3006,bench,5232226,42780549.0,0.1223,12088491.0,0.4328,3.5389,9960068,9964869
bench_3016,bench,160767417,762807936.0,0.2108,335907024.0,0.4786,2.2709,42505126,42763480
bench_3038,bench,54592866,71763872.0,0.7607,52526541.0,1.0393,1.3662,57732571,57752370
bench_3046,bench,90599729,358938667.0,0.2524,263806232.0,0.3434,1.3606,72692006,73147643
bench_307,bench,120158746,678971459.0,0.177,447841182.0,0.2683,1.5161,49793131,49904571
bench_3070,bench,153625,27954606.0,0.0055,182022.0,0.844,153.5782,132182,135085
bench_3076,bench,25669306,86646075.0,0.2963,39846196.0,0.6442,2.1745,1188565,1191757
bench_310,bench,16768678,33180639.0,0.5054,27618464.0,0.6072,1.2014,124547,132065
bench_3102,bench,4593123,34541157.0,0.133,4352838.0,1.0552,7.9353,112015,117063
bench_3146,bench,66509924,326424253.0,0.2038,89737309.0,0.7412,3.6376,4916253,5007578
bench_3154,bench,31383834,123668778.0,0.2538,57669605.0,0.5442,2.1444,72194,80090
bench_3220,bench,931366548,1178284398.0,0.7904,1038278725.0,0.897,1.1348,49345108,49353949
bench_3224,bench,16411344,76204189.0,0.2154,9462513.0,1.7344,8.0533,166903,212752
bench_3243,bench,117167672,1113105978.0,0.1053,214173720.0,0.5471,5.1972,18621,29121
bench_3252,bench,156276981,1045875696.0,0.1494,453463099.0,0.3446,2.3064,125791542,125850583
bench_3262,bench,766856212,4907775847.0,0.1563,3251605021.0,0.2358,1.5093,360863051,360862681
bench_3264,bench,7162867,43507893.0,0.1646,23950320.0,0.2991,1.8166,1060643,1066644
bench_3271,bench,216661,69443387.0,0.0031,366393.0,0.5913,189.5325,5761,11038
bench_3311,bench,335019797,1046515540.0,0.3201,689522578.0,0.4859,1.5177,78610731,82782495
bench_3331,bench,4145253,47408118.0,0.0874,9326022.0,0.4445,5.0834,6239988,6267732
bench_3385,bench,861841,31836320.0,0.0271,1300308.0,0.6628,24.4837,83991,88991
bench_3388,bench,265940782,1606908563.0,0.1655,385292085.0,0.6902,4.1706,12065005,12098004
bench_3395,bench,19208435,41839303.0,0.4591,38231436.0,0.5024,1.0944,16646,25696
bench_3454,bench,5644252,87098268.0,0.0648,12855226.0,0.4391,6.7753,36444,42240
bench_3491,bench,92866348,600006113.0,0.1548,312923792.0,0.2968,1.9174,63173043,63201573
bench_3499,bench,94305425,276440248.0,0.3411,240882100.0,0.3915,1.1476,31376292,31393426
bench_3542,bench,7361195,36162317.0,0.2036,9426794.0,0.7809,3.8361,502275,506813
bench_3549,bench,7194027,33378910.0,0.2155,11037744.0,0.6518,3.0241,53614,60312
bench_355,bench,328938452,1303916708.0,0.2523,1015631639.0,0.3239,1.2838,499084637,499539161
bench_3625,bench,659120,32389083.0,0.0204,989006.0,0.6664,32.7491,23077,30592
bench_364,bench,24155458,116788914.0,0.2068,36774586.0,0.6569,3.1758,53576,60765
bench_3644,bench,111828859,350616384.0,0.3189,149578772.0,0.7476,2.344,2478410,2431680
bench_3717,bench,20343261,54554483.0,0.3729,49466272.0,0.4113,1.1029,4149240,4143124
bench_3778,bench,288988414,1023091152.0,0.2825,589994714.0,0.4898,1.7341,337188715,337129187
bench_4104,bench,659783,22560802.0,0.0292,995187.0,0.663,22.6699,169834,174157
bench_4111,bench,58477537,218290392.0,0.2679,103679264.0,0.564,2.1054,7828656,7831542
bench_4126,bench,276691876,501848686.0,0.5513,485184322.0,0.5703,1.0343,347438,395439
bench_413,bench,9630936,72761147.0,0.1324,14150364.0,0.6806,5.142,6886623,6845881
bench_4162,bench,4944998,42696738.0,0.1158,10202488.0,0.4847,4.1849,3150340,3054349
bench_4167,bench,3462471,36917603.0,0.0938,6597364.0,0.5248,5.5958,2491256,2475120
bench_417,bench,35955571,227341299.0,0.1582,91843706.0,0.3915,2.4753,2146371,2188066
bench_4181,bench,199725509,1056900035.0,0.189,552565254.0,0.3615,1.9127,9130430,9162828
bench_4184,bench,25320299,80457606.0,0.3147,39953828.0,0.6337,2.0138,15934,24140
bench_4195,bench,750553,25870023.0,0.029,2004584.0,0.3744,12.9054,1945105,1955622
bench_4201,bench,36879253,192355350.0,0.1917,80833072.0,0.4562,2.3797,1385495,1409004
bench_4210,bench,812497,59108022.0,0.0137,1010107.0,0.8044,58.5166,16648,25694
bench_4237,bench,4447928279,5430661107.0,0.819,4767915765.0,0.9329,1.139,1889151854,1921363196
bench_4238,bench,9353658,113780145.0,0.0822,24802836.0,0.3771,4.5874,43604,52155
bench_4255,bench,28905523,65309531.0,0.4426,39475975.0,0.7322,1.6544,470266,494920
bench_4311,bench,141132384,972799827.0,0.1451,603884808.0,0.2337,1.6109,7511771,7532033
bench_433,bench,19781964,45782718.0,0.4321,24643346.0,0.8027,1.8578,6887790,6873052
bench_4333,bench,9737028,46679643.0,0.2086,5266255.0,1.8489,8.8639,3607888,3612596
bench_4422,bench,32245776,70657664.0,0.4564,52586793.0,0.6132,1.3436,203575,212252
bench_4435,bench,142105882,922001697.0,0.1541,473614246.0,0.3,1.9467,116941977,116972124
bench_4451,bench,10314321,49397301.0,0.2088,8581727.0,1.2019,5.7561,160396,171265
bench_4459,bench,31474759,70277932.0,0.4479,55545932.0,0.5666,1.2652,5907,12261
bench_4462,bench,5503470,50086315.0,0.1099,15639285.0,0.3519,3.2026,7844572,7831694
bench_449,bench,59450917,365581859.0,0.1626,194786606.0,0.3052,1.8768,31863876,31843272
bench_4550,bench,32584585,210418473.0,0.1549,123487668.0,0.2639,1.704,2197786,2227616
bench_4600,bench,2840045,53050684.0,0.0535,5727058.0,0.4959,9.2632,31923,39111
bench_461,bench,14830180290,5689019941.0,2.6068,5069978064.0,2.9251,1.1221,193964399,195381215
bench_463,bench,3448134,37042593.0,0.0931,5888309.0,0.5856,6.2909,657691,661602
bench_4673,bench,8246198,27933356.0,0.2952,10867882.0,0.7588,2.5703,54024,61373
bench_4689,bench,1315239,28408419.0,0.0463,3212092.0,0.4095,8.8442,2201773,2219816
bench_47,bench,282211924,414263855.0,0.6812,378994016.0,0.7446,1.0931,221116727,225818896
bench_471,bench,25917696,65912015.0,0.3932,50926292.0,0.5089,1.2943,124849,132239
bench_4732,bench,647820841,4512320532.0,0.1436,1078591239.0,0.6006,4.1835,610616368,614025553
bench_4743,bench,175574593,766344468.0,0.2291,661175103.0,0.2655,1.1591,153714578,153739550
bench_4760,bench,9480751,51071341.0,0.1856,9603525.0,0.9872,5.318,2483128,2494352
bench_4777,bench,3061960,42355437.0,0.0723,12087241.0,0.2533,3.5041,4956367,4987827
bench_4803,bench,6182318,41996524.0,0.1472,7056868.0,0.8761,5.9512,336888,343466
bench_481,bench,280541,16087201.0,0.0174,256162.0,1.0952,62.8009,150477,153910
bench_482,bench,1812038,64234933.0,0.0282,5025664.0,0.3606,12.7814,22839,30233
bench_4875,bench,4226677,23057835.0,0.1833,8969270.0,0.4712,2.5708,47310,53421
bench_4894,bench,457739974,1265099495.0,0.3618,437055168.0,1.0473,2.8946,124785435,124823182
bench_4897,bench,517370,22521671.0,0.023,1131638.0,0.4572,19.9018,682458,688830
bench_4940,bench,17226534,65310790.0,0.2638,38111326.0,0.452,1.7137,61734,67848
bench_4993,bench,6335456,18438016.0,0.3436,11910700.0,0.5319,1.548,715402,718684
bench_5005,bench,25491670,67893407.0,0.3755,25194570.0,1.0118,2.6948,109977,116762
bench_5051,bench,807361,65278470.0,0.0124,1873142.0,0.431,34.8497,15253,23461
bench_5058,bench,86669702,333715488.0,0.2597,319260177.0,0.2715,1.0453,68062292,68102337
bench_508,bench,14607909,110548895.0,0.1321,27829107.0,0.5249,3.9724,6675493,6679348
bench_5088,bench,150517157,608806168.0,0.2472,556181771.0,0.2706,1.0946,3703297,3672079
bench_5094,bench,128788821,708606435.0,0.1817,205713744.0,0.6261,3.4446,2332313,2314941
bench_5122,bench,9716889,63733450.0,0.1525,18257683.0,0.5322,3.4908,15199,23924
bench_5127,bench,55108793,299418383.0,0.1841,184645343.0,0.2985,1.6216,23413365,23428974
bench_513,bench,5616983,44180027.0,0.1271,8815990.0,0.6371,5.0114,2545700,2550053
bench_5153,bench,25446461,61912030.0,0.411,45430646.0,0.5601,1.3628,1042050,1057537
bench_5158,bench,42556097,163799669.0,0.2598,57572167.0,0.7392,2.8451,10088466,10093050
bench_5247,bench,29725033,73156880.0,0.4063,40747665.0,0.7295,1.7954,1118265,1124815
bench_5267,bench,4880909,110048372.0,0.0444,10055798.0,0.4854,10.9438,26793,34133
bench_5272,bench,295262,38996695.0,0.0076,240281.0,1.2288,162.2962,122995,127590
bench_5292,bench,2194317,63529470.0,0.0345,4680991.0,0.4688,13.5718,22774,28979
bench_5332,bench,1321293,33670442.0,0.0392,4903894.0,0.2694,6.8661,222112,223324
bench_5360,bench,139429859,486834021.0,0.2864,260332561.0,0.5356,1.87,69748990,69767969
bench_5377,bench,60238913,342415363.0,0.1759,99990503.0,0.6024,3.4245,19431106,19437315
bench_5394,bench,3372984,47365158.0,0.0712,6217662.0,0.5425,7.6178,5725119,5714598
bench_5406,bench,2533309,97845845.0,0.0259,8015633.0,0.316,12.2069,26058,34272
bench_5442,bench,48855139,187990191.0,0.2599,97391486.0,0.5016,1.9303,13130216,13174481
bench_545,bench,57970539,98615160.0,0.5878,71547842.0,0.8102,1.3783,1078530,1072865
bench_5522,bench,18603033,140023170.0,0.1329,21377095.0,0.8702,6.5501,4401505,4427498
bench_5551,bench,13309321,61092355.0,0.2179,18991338.0,0.7008,3.2169,11396785,11402354
bench_5558,bench,1268983,21049653.0,0.0603,854746.0,1.4846,24.6268,911582,916021
bench_5560,bench,60139624,131146845.0,0.4586,65786322.0,0.9142,1.9935,53468519,53446800
bench_5575,bench,3960003,42404506.0,0.0934,4952213.0,0.7996,8.5627,306880,314327
bench_5579,bench,702727,44095708.0,0.0159,1159978.0,0.6058,38.0143,787407,793457
bench_5604,bench,20052036,98953053.0,0.2026,26404047.0,0.7594,3.7476,58809,65704
bench_5633,bench,2766971,31037155.0,0.0892,2686698.0,1.0299,11.5522,82356,86562
bench_5636,bench,94556754,571366404.0,0.1655,249908041.0,0.3784,2.2863,3737484,3721234
bench_5672,bench,49888159,174010265.0,0.2867,77933944.0,0.6401,2.2328,2637644,2637185
bench_5704,bench,34256823,71289608.0,0.4805,37290021.0,0.9187,1.9118,141807,150207
bench_5726,bench,8466817,65893274.0,0.1285,14884880.0,0.5688,4.4269,126019,134605
bench_575,bench,7642560,103868063.0,0.0736,17614898.0,0.4339,5.8966,43627,52615
bench_5773,bench,1204480,49681452.0,0.0242,1010637.0,1.1918,49.1586,19449,28693
bench_5809,bench,3235283,49119309.0,0.0659,10257299.0,0.3154,4.7887,35425,42614
bench_5823,bench,148848769,898304109.0,0.1657,226439576.0,0.6573,3.9671,2156896,2137033
bench_5830,bench,1112044941,2657249001.0,0.4185,1334772846.0,0.8331,1.9908,663737711,668229384
bench_5832,bench,2277133,213998516.0,0.0106,38026826.0,0.0599,5.6276,4404,9129
bench_5837,bench,213993,65578422.0,0.0033,439703.0,0.4867,149.1425,5823,11174
bench_5871,bench,5636141,27638774.0,0.2039,6812495.0,0.8273,4.0571,45348,53203
bench_5899,bench,44774228,196874968.0,0.2274,81811082.0,0.5473,2.4065,3249248,3221409
bench_5917,bench,13305824,62743825.0,0.2121,30213174.0,0.4404,2.0767,72935,80354
bench_5984,bench,3617465,64455795.0,0.0561,10262009.0,0.3525,6.281,36514,43969
bench_5994,bench,15330087,79965923.0,0.1917,35816131.0,0.428,2.2327,70984,80770
bench_6024,bench,185068,78547004.0,0.0024,225562.0,0.8205,348.228,4826,9841
bench_6102,bench,39504577,79346699.0,0.4979,61206862.0,0.6454,1.2964,98275,106101
bench_6113,bench,1335379,24088621.0,0.0554,2022824.0,0.6602,11.9084,274069,278563
bench_6119,bench,3544285,28818421.0,0.123,4226938.0,0.8385,6.8178,2880120,2881019
bench_6122,bench,228306,75815157.0,0.003,354983.0,0.6431,213.5741,5580,11112
bench_6144,bench,497220147,2293745065.0,0.2168,1943254605.0,0.2559,1.1804,321070474,326498283
bench_6153,bench,3233154,31696629.0,0.102,8628678.0,0.3747,3.6734,35695,44518
bench_6180,bench,14521807,82418728.0,0.1762,31437132.0,0.4619,2.6217,53423,62454
bench_6184,bench,2385152,66987212.0,0.0356,6393663.0,0.373,10.4771,25735,35208
bench_6203,bench,10818481,49177309.0,0.22,20187796.0,0.5359,2.436,904080,908473
bench_6222,bench,12836759,51199422.0,0.2507,40529383.0,0.3167,1.2633,90088,96977
bench_6226,bench,236765503,3932755162.0,0.0602,1487046839.0,0.1592,2.6447,16188767,16214727
bench_6228,bench,1963079,44746752.0,0.0439,1348949.0,1.4553,33.1716,811575,821298
bench_6265,bench,10906895,56999879.0,0.1913,40927927.0,0.2665,1.3927,125033,132502
bench_6272,bench,990117,45214164.0,0.0219,2938670.0,0.3369,15.3859,26991,35183
bench_6287,bench,741272,27455183.0,0.027,2428436.0,0.3052,11.3057,2412820,2422604
bench_6300,bench,8776453,46131010.0,0.1903,9947587.0,0.8823,4.6374,2867554,2857887
bench_6304,bench,803981,42887639.0,0.0187,1633531.0,0.4922,26.2546,18967,28746
bench_6352,bench,18309115,60761602.0,0.3013,38256168.0,0.4786,1.5883,12212584,12218366
bench_6401,bench,1146162,30623993.0,0.0374,1517510.0,0.7553,20.1804,121323,125350
bench_643,bench,2660502,46046200.0,0.0578,8195736.0,0.3246,5.6183,2560444,2567219
bench_651,bench,38868909,238752431.0,0.1628,112516090.0,0.3455,2.1219,1450634,1449577
bench_6558,bench,903260,108711783.0,0.0083,1112618.0,0.8118,97.7081,15833,24961
bench_6580,bench,24824760,56256834.0,0.4413,43666036.0,0.5685,1.2883,6825575,6837092
bench_6629,bench,4976935,36606790.0,0.136,7607541.0,0.6542,4.8119,3042501,3074973
bench_6697,bench,20954610,68792942.0,0.3046,59963356.0,0.3495,1.1472,12049281,12036200
bench_67,bench,40835770,236494447.0,0.1727,102170810.0,0.3997,2.3147,4190313,4215728
bench_6717,bench,368289,28650061.0,0.0129,480373.0,0.7667,59.6413,22440,26996
bench_6730,bench,9913585,28181688.0,0.3518,8664789.0,1.1441,3.2524,54344,62133
bench_6785,bench,9114283,46205080.0,0.1973,15728877.0,0.5795,2.9376,206010,222010
bench_6810,bench,24128056,32747916.0,0.7368,23559789.0,1.0241,1.39,9748585,9762987
bench_6836,bench,2319401,106678511.0,0.0217,5523767.0,0.4199,19.3126,22982,31819
bench_6868,bench,14325153,97485663.0,0.1469,32794122.0,0.4368,2.9727,44304,52353
bench_6893,bench,16795596,106251378.0,0.1581,63422798.0,0.2648,1.6753,89341,96264
bench_6897,bench,134590,42813559.0,0.0031,395113.0,0.3406,108.3578,6474,13753
bench_6940,bench,32850342,98853441.0,0.3323,36809548.0,0.8924,2.6855,111250,119577
bench_6970,bench,7754370,47316837.0,0.1639,11514678.0,0.6734,4.1093,1615645,1621071
bench_6973,bench,122927231,721787859.0,0.1703,414285307.0,0.2967,1.7422,62650895,62719561
bench_7,bench,13753858,29481436.0,0.4665,17173706.0,0.8009,1.7167,98087,105462
bench_7018,bench,8039142,37619517.0,0.2137,10642942.0,0.7553,3.5347,3886075,3874686
bench_7036,bench,2484834,24194372.0,0.1027,2245495.0,1.1066,10.7746,30428,39123
bench_7046,bench,5167941,27640584.0,0.187,14107575.0,0.3663,1.9593,1305536,1306963
bench_707,bench,283358758,322028824.0,0.8799,250049568.0,1.1332,1.2879,81739859,82273665
bench_7087,bench,7016844,97302962.0,0.0721,15796607.0,0.4442,6.1597,35571,43349
bench_7088,bench,1890188,21018152.0,0.0899,3520344.0,0.5369,5.9705,129318,134215
bench_7095,bench,25623275,95730342.0,0.2677,39169894.0,0.6542,2.444,2147151,2153265
bench_7103,bench,26516473,56103193.0,0.4726,19424091.0,1.3651,2.8883,9722148,9777018
bench_716,bench,5019395,74874361.0,0.067,13075419.0,0.3839,5.7263,34891,43279
bench_7178,bench,248781368,884485171.0,0.2813,776866323.0,0.3202,1.1385,14529842,14542358
bench_7199,bench,5779612,56861787.0,0.1016,4505351.0,1.2828,12.6209,156962,180813
bench_726,bench,188334,28879746.0,0.0065,430293.0,0.4377,67.1165,16943,25172
bench_7270,bench,1739199,93983024.0,0.0185,4009758.0,0.4337,23.4386,20106,28853
bench_7299,bench,3426439,50681260.0,0.0676,7210539.0,0.4752,7.0288,2268096,2276505
bench_7303,bench,37621229,65742271.0,0.5723,43198872.0,0.8709,1.5219,12866057,12876430
bench_739,bench,2259577,123929267.0,0.0182,9244593.0,0.2444,13.4056,31552,38884
bench_7393,bench,14407636,38500295.0,0.3742,22830955.0,0.6311,1.6863,1738653,1745338
bench_7402,bench,20737653,64326053.0,0.3224,42501097.0,0.4879,1.5135,21907,31622
bench_7425,bench,264251,28916276.0,0.0091,437433.0,0.6041,66.1045,311606,320471
bench_7443,bench,6773520,41701204.0,0.1624,7336840.0,0.9232,5.6838,216530,220105
bench_7512,bench,6077691,44003418.0,0.1381,3149982.0,1.9294,13.9694,225356,231783
bench_7517,bench,3819499,27316147.0,0.1398,3383883.0,1.1287,8.0724,153512,156973
bench_756,bench,871545,13773924.0,0.0633,457993.0,1.903,30.0745,215339,224356
bench_7564,bench,1026566,43103743.0,0.0238,1899503.0,0.5404,22.6921,154776,158908
bench_7580,bench,18638648,50607799.0,0.3683,29629420.0,0.6291,1.708,10218831,10232317
bench_7582,bench,7574106,40155205.0,0.1886,9496424.0,0.7976,4.2285,98976,116343
bench_7590,bench,14881648,42849781.0,0.3473,11891181.0,1.2515,3.6035,112834,120918
bench_7592,bench,77861653,116820464.0,0.6665,100865041.0,0.7719,1.1582,51342203,52481677
bench_7694,bench,1336583,15910208.0,0.084,2033904.0,0.6572,7.8225,377622,382860
bench_7716,bench,1425728,26468362.0,0.0539,719985.0,1.9802,36.7624,1718179,1748396
bench_7766,bench,40107143,238517476.0,0.1682,91601527.0,0.4378,2.6039,32878052,32910727
bench_783,bench,32041047,103904135.0,0.3084,40602264.0,0.7891,2.5591,2396366,2444641
bench_802,bench,15723852,51417563.0,0.3058,23123196.0,0.68,2.2236,19734313,20062773
bench_815,bench,48662627,86518468.0,0.5625,50034537.0,0.9726,1.7292,35508957,35498485
bench_823,bench,14207656,65144158.0,0.2181,22208700.0,0.6397,2.9333,882267,888069
bench_865,bench,93768474,503684485.0,0.1862,162980246.0,0.5753,3.0905,37079275,37095180
bench_89,bench,1871912,36000410.0,0.052,3511203.0,0.5331,10.253,214493,221302
bench_910,bench,4555405,66728177.0,0.0683,5693778.0,0.8001,11.7195,31988,39850
bench_929,bench,1881773,40432007.0,0.0465,5436557.0,0.3461,7.4371,35257,43238
bench_994,bench,5521178,79183807.0,0.0697,7652972.0,0.7214,10.3468,2717572,2702159
bench_995,bench,126358964,535219809.0,0.2361,129312150.0,0.9772,4.139,26219715,26231571
bert_batch_matmul_2,bert,27931,17807613.0,0.0016,107661.0,0.2594,165.4045,11398,17394
bert_block_1,bert,33265,21341.0,1.5587,19800.0,1.6801,1.0778,4692,9093
bert_block_10,bert,23210873,12470993.0,1.8612,5142517.0,4.5135,2.4251,4550,9256
bert_block_1004,bert,21698,21810.0,0.9949,18050.0,1.2021,1.2083,6754,11986
bert_block_1012,bert,23300572,12220611.0,1.9067,5185807.0,4.4931,2.3565,18216,25241
bert_block_1013,bert,22836164,12831135.0,1.7797,5183317.0,4.4057,2.4755,18923,24515
bert_block_1018,bert,23503581,10366030.0,2.2674,5283739.0,4.4483,1.9619,18512,24377
bert_block_102,bert,23311100,13168967.0,1.7702,5212028.0,4.4726,2.5266,18387,24372
bert_block_1039,bert,23268247,17722354.0,1.3129,5240379.0,4.4402,3.3819,3662,17576
bert_block_1040,bert,23687139,16368366.0,1.4471,8393252.0,2.8222,1.9502,56883,64731
bert_block_1046,bert,33165,37500.0,0.8844,33460.0,0.9912,1.1207,6763,12015
bert_block_107,bert,23412149,6705480.0,3.4915,5172469.0,4.5263,1.2964,4463,8990
bert_block_1094,bert,16065,6540.0,2.4564,6500.0,2.4715,1.0062,1663,9170
bert_block_12,bert,23411068,9520646.0,2.459,5330369.0,4.392,1.7861,18235,24362
bert_block_132,bert,23391817,17417402.0,1.343,5190049.0,4.5071,3.3559,203330,209979
bert_block_133,bert,38271,38140.0,1.0034,37300.0,1.026,1.0225,7097,12141
bert_block_134,bert,52393,38551.0,1.3591,35210.0,1.488,1.0949,7989,12062
bert_block_138,bert,15470,6560.0,2.3582,6430.0,2.4059,1.0202,1657,9204
bert_block_14,bert,23654286,15386209.0,1.5374,5156247.0,4.5875,2.984,18526,24485
bert_block_141,bert,23588311,10827454.0,2.1786,5325079.0,4.4297,2.0333,204397,211971
bert_block_16,bert,23459402,18896281.0,1.2415,5156998.0,4.549,3.6642,5466,9040
bert_block_18,bert,23258694,11162916.0,2.0836,5318219.0,4.3734,2.099,18138,24152
bert_block_218,bert,23320561,15050768.0,1.5495,5145338.0,4.5324,2.9251,204344,211244
bert_block_262,bert,29136,28960.0,1.0061,23940.0,1.217,1.2097,6732,11759
bert_block_272,bert,33924,19870.0,1.7073,16380.0,2.0711,1.2131,4491,8636
bert_block_273,bert,33811,34990.0,0.9663,22231.0,1.5209,1.5739,6635,11763
bert_block_3,bert,31855,24591.0,1.2954,18161.0,1.754,1.3541,6580,11593
bert_block_301,bert,29214,29649222.0,0.001,28860.0,1.0123,1027.3466,7889,13041
bert_block_306,bert,23314457,7555005.0,3.086,5161418.0,4.5171,1.4637,3666,18762
bert_block_314,bert,23306584,14538265.0,1.6031,5143468.0,4.5313,2.8265,203994,211066
bert_block_320,bert,15463,6580.0,2.35,6330.0,2.4428,1.0395,1733,10081
bert_block_353,bert,28249,29360.0,0.9622,18140.0,1.5573,1.6185,6503,12640
bert_block_412,bert,25749,21081.0,1.2214,18000.0,1.4305,1.1712,6474,12803
bert_block_42,bert,35451,40041.0,0.8854,36000.0,0.9848,1.1122,6619,12915
bert_block_465,bert,23190695,19880086.0,1.1665,5181858.0,4.4754,3.8365,4575,8597
bert_block_470,bert,23791292,16055334.0,1.4818,5157288.0,4.6131,3.1131,18099,24368
bert_block_472,bert,23571546,13841032.0,1.703,5189418.0,4.5422,2.6672,18120,24190
bert_block_473,bert,23426996,13156067.0,1.7807,5211078.0,4.4956,2.5246,18490,24793
bert_block_491,bert,23314535,16788999.0,1.3887,5133577.0,4.5416,3.2704,202246,208772
bert_block_5,bert,21290,16870.0,1.262,13270.0,1.6044,1.2713,6563,11668
bert_block_543,bert,36171,40970.0,0.8829,35520.0,1.0183,1.1534,6662,11880
bert_block_574,bert,27528,27046539.0,0.001,29940.0,0.9194,903.358,7720,12822
bert_block_578,bert,33052,34315.0,0.9632,25550.0,1.2936,1.3431,6483,11658
bert_block_581,bert,29554,29241.0,1.0107,18920.0,1.5621,1.5455,6600,11657
bert_block_585,bert,23278832,24878306.0,0.9357,7613615.0,3.0575,3.2676,57589,64985
bert_block_588,bert,54960,35880.0,1.5318,31730.0,1.7321,1.1308,6726,12078
bert_block_589,bert,44677,39990.0,1.1172,31070.0,1.4379,1.2871,6534,11732
bert_block_592,bert,29912,25120.0,1.1908,15850.0,1.8872,1.5849,6669,11731
bert_block_635,bert,52024,40320.0,1.2903,28301.0,1.8382,1.4247,6950,12228
bert_block_650,bert,23250976,17017790.0,1.3663,5218448.0,4.4555,3.2611,4488,8273
bert_block_665,bert,26599,21453426.0,0.0012,33580.0,0.7921,638.8751,7849,12928
bert_block_676,bert,23763358,13811441.0,1.7206,7631645.0,3.1138,1.8098,58809,66150
bert_block_681,bert,34987,20970.0,1.6684,20230.0,1.7295,1.0366,5456,8434
bert_block_687,bert,23396397,8541240.0,2.7392,5188588.0,4.5092,1.6462,205188,213091
bert_block_725,bert,50194,36710.0,1.3673,33590.0,1.4943,1.0929,6754,12073
bert_block_729,bert,27119,23950.0,1.1323,21700.0,1.2497,1.1037,6585,11785
bert_block_760,bert,38420,36750.0,1.0454,28190.0,1.3629,1.3037,6638,11871
bert_block_761,bert,23617195,17070940.0,1.3835,5211238.0,4.532,3.2758,3602,17695
bert_block_762,bert,23848979,14393094.0,1.657,8509831.0,2.8025,1.6913,57585,64867
bert_block_763,bert,47289,31260.0,1.5128,22060.0,2.1437,1.417,6636,12883
bert_block_764,bert,23190442,18810300.0,1.2329,5233247.0,4.4314,3.5944,203074,209774
bert_block_770,bert,53887,40520.0,1.3299,35750.0,1.5073,1.1334,6575,11832
bert_block_773,bert,43943,26360.0,1.667,25480.0,1.7246,1.0345,6512,11737
bert_block_774,bert,27342,27290.0,1.0019,24430.0,1.1192,1.1171,6513,11821
bert_block_820,bert,25027,24340.0,1.0282,24240.0,1.0325,1.0041,6580,11855
bert_block_829,bert,23474195,7318283.0,3.2076,5153657.0,4.5549,1.42,4515,8472
bert_block_831,bert,23216828,14514495.0,1.5996,5191177.0,4.4724,2.796,18121,25334
bert_block_834,bert,23514150,11045875.0,2.1288,5164787.0,4.5528,2.1387,18073,24926
bert_block_837,bert,22913686,11875730.0,1.9295,5184988.0,4.4192,2.2904,18098,24564
bert_block_851,bert,33510,37780.0,0.887,22511.0,1.4886,1.6783,6891,12291
bert_block_858,bert,23966701,15808242.0,1.5161,7740566.0,3.0962,2.0423,57574,65211
bert_block_861,bert,35429,36540.0,0.9696,28310.0,1.2515,1.2907,6516,11674
bert_block_867,bert,22510,22340.0,1.0076,15540.0,1.4485,1.4376,6572,11825
bert_block_879,bert,99706634,110361998.0,0.9035,71962491.0,1.3855,1.5336,199409,206729
bert_block_89,bert,36911,39270.0,0.9399,25110.0,1.47,1.5639,6476,11506
bert_block_895,bert,40059,41240.0,0.9714,29500.0,1.3579,1.398,7695,11574
bert_block_907,bert,44787,41731.0,1.0732,35470.0,1.2627,1.1765,6434,12901
bert_block_908,bert,37149,42740.0,0.8692,35160.0,1.0566,1.2156,6583,12828
bert_block_921,bert,23149791,12626474.0,1.8334,5220317.0,4.4346,2.4187,18990,24094
bert_block_943,bert,23217490,9044823.0,2.5669,5360478.0,4.3312,1.6873,3505,17453
bert_block_946,bert,23817766,14975618.0,1.5904,5278628.0,4.5121,2.837,203704,210361
convnext_tiny_block_101,convnext_tiny,412638,24297779.0,0.017,668434.0,0.6173,36.3503,3261,6281
convnext_tiny_block_102,convnext_tiny,312561,33653547.0,0.0093,497073.0,0.6288,67.7034,22733,29647
convnext_tiny_block_113,convnext_tiny,10405511,50748362.0,0.205,4096057.0,2.5404,12.3896,406551,419722
convnext_tiny_block_117,convnext_tiny,189439,15451575.0,0.0123,162901.0,1.1629,94.8525,1905,9891
convnext_tiny_block_133,convnext_tiny,787625,39340602.0,0.02,1257749.0,0.6262,31.2786,2837,6150
convnext_tiny_block_143,convnext_tiny,409447,14782001.0,0.0277,534064.0,0.7667,27.6783,2825,6081
convnext_tiny_block_146,convnext_tiny,250582,30078205.0,0.0083,359222.0,0.6976,83.7315,22681,30074
convnext_tiny_block_16,convnext_tiny,15200822,43161995.0,0.3522,9748756.0,1.5593,4.4274,640225,674776
convnext_tiny_block_160,convnext_tiny,156919,43932460.0,0.0036,245342.0,0.6396,179.0662,14388,22399
convnext_tiny_block_170,convnext_tiny,4703662,50444490.0,0.0932,2031603.0,2.3152,24.8299,311171,322921
convnext_tiny_block_171,convnext_tiny,174651,37138609.0,0.0047,240322.0,0.7267,154.5369,5550,9176
convnext_tiny_block_173,convnext_tiny,157273,64073424.0,0.0025,271791.0,0.5787,235.7452,14427,22280
convnext_tiny_block_19,convnext_tiny,582560,42570631.0,0.0137,2129124.0,0.2736,19.9944,40433,47860
convnext_tiny_block_2,convnext_tiny,5675777,62201732.0,0.0912,24912408.0,0.2278,2.4968,418038,432088
convnext_tiny_block_235,convnext_tiny,155074,39584983.0,0.0039,262312.0,0.5912,150.908,14489,22463
convnext_tiny_block_236,convnext_tiny,94365,14414209.0,0.0065,57221.0,1.6491,251.9042,1727,9377
convnext_tiny_block_237,convnext_tiny,136968,30051785.0,0.0046,184582.0,0.742,162.8099,14914,22366
convnext_tiny_block_265,convnext_tiny,175903,22189926.0,0.0079,240241.0,0.7322,92.3653,5217,9270
convnext_tiny_block_266,convnext_tiny,228348,22115567.0,0.0103,261902.0,0.8719,84.4421,2790,6007
convnext_tiny_block_29,convnext_tiny,16583116,49080291.0,0.3379,9672155.0,1.7145,5.0744,643247,656014
convnext_tiny_block_299,convnext_tiny,329616,44850985.0,0.0073,670114.0,0.4919,66.9304,4410,8131
convnext_tiny_block_300,convnext_tiny,375788,41664726.0,0.009,490534.0,0.7661,84.9375,2831,6029
convnext_tiny_block_324,convnext_tiny,1900518,32039267.0,0.0593,1014887.0,1.8726,31.5693,267263,277335
convnext_tiny_block_341,convnext_tiny,47673,12118734.0,0.0039,29290.0,1.6276,413.7499,1698,9405
convnext_tiny_block_351,convnext_tiny,1902720,43782449.0,0.0435,1023527.0,1.859,42.7761,269356,277163
convnext_tiny_block_354,convnext_tiny,92386,37480310.0,0.0025,139581.0,0.6619,268.5201,10612,17711
convnext_tiny_block_356,convnext_tiny,64632,23060082.0,0.0028,95881.0,0.6741,240.5073,10659,19061
convnext_tiny_block_381,convnext_tiny,1965,33782727.0,0.0001,2410.0,0.8154,14017.729,4505,8071
convnext_tiny_block_44,convnext_tiny,667997,19175402.0,0.0348,2603177.0,0.2566,7.3662,8172,13144
convnext_tiny_block_47,convnext_tiny,327379,16063849.0,0.0204,557714.0,0.587,28.803,2053,12566
convnext_tiny_block_64,convnext_tiny,1216559,22038676.0,0.0552,2891339.0,0.4208,7.6223,4359,8229
convnext_tiny_block_7,convnext_tiny,490571,32258548.0,0.0152,1587230.0,0.3091,20.3238,39702,47415
convnext_tiny_block_72,convnext_tiny,735198,28230506.0,0.026,2627038.0,0.2799,10.7461,2761,5929
convnext_tiny_block_74,convnext_tiny,326321,23404674.0,0.0139,593204.0,0.5501,39.4547,2138,12736
convnext_tiny_block_75,convnext_tiny,491642,35526608.0,0.0138,1647451.0,0.2984,21.5646,40687,46886
convnext_tiny_block_9,convnext_tiny,6805144,38103854.0,0.1786,25766594.0,0.2641,1.4788,420203,432611
convnext_tiny_generic_27,convnext_tiny,2642864,15434135.0,0.1712,10416170.0,0.2537,1.4817,21326,29963
convnext_tiny_generic_3,convnext_tiny,194931,9901021.0,0.0197,1221678.0,0.1596,8.1044,173313,183090
convnext_tiny_generic_45,convnext_tiny,46748,18005571.0,0.0026,31590.0,1.4798,569.9769,10772,17800
convnext_tiny_pooling_nchw_sum_0,convnext_tiny,21745,11516241.0,0.0019,20680.0,1.0515,556.8782,29698,34610
distilbert_block_0,distilbert,26059,20190.0,1.2907,18960.0,1.3744,1.0649,4752,8470
distilbert_block_100,distilbert,22957951,15363420.0,1.4943,5175347.0,4.436,2.9686,18505,24595
distilbert_block_103,distilbert,23498067,5659583.0,4.1519,5166006.0,4.5486,1.0955,18124,24666
distilbert_block_104,distilbert,23624299,11854459.0,1.9929,5297938.0,4.4591,2.2376,18156,24807
distilbert_block_107,distilbert,23684376,17637864.0,1.3428,5172407.0,4.579,3.41,17999,24349
distilbert_block_122,distilbert,23639729,9231324.0,2.5608,5144867.0,4.5948,1.7943,3543,17691
distilbert_block_169,distilbert,30371,29651.0,1.0243,16940.0,1.7929,1.7504,6809,11538
distilbert_block_177,distilbert,37366,36520.0,1.0232,28850.0,1.2952,1.2659,8006,12259
distilbert_block_183,distilbert,23374,22040.0,1.0605,11435.0,2.0441,1.9274,6620,13482
distilbert_block_191,distilbert,23243736,12923626.0,1.7985,5308198.0,4.3788,2.4347,18410,25637
distilbert_block_212,distilbert,56528,36820.0,1.5353,31701.0,1.7832,1.1615,7609,11819
distilbert_block_230,distilbert,23257859,16254915.0,1.4308,5315298.0,4.3756,3.0581,205930,212027
distilbert_block_284,distilbert,22702289,18523728.0,1.2256,5262347.0,4.3141,3.5201,4462,8797
distilbert_block_287,distilbert,23603602,18983062.0,1.2434,5326458.0,4.4314,3.5639,4636,8753
distilbert_block_303,distilbert,46839,41041.0,1.1413,34140.0,1.372,1.2021,6638,12263
distilbert_block_304,distilbert,23145612,14617466.0,1.5834,5148407.0,4.4957,2.8392,3486,18183
distilbert_block_306,distilbert,28866,28930.0,0.9978,20590.0,1.4019,1.4051,6512,12098
distilbert_block_351,distilbert,29601,28850.0,1.026,18860.0,1.5695,1.5297,6395,12018
distilbert_block_37,distilbert,23895174,31493955.0,0.7587,9112084.0,2.6224,3.4563,57770,65065
distilbert_block_379,distilbert,23684980,14532866.0,1.6298,5139846.0,4.6081,2.8275,18086,24670
distilbert_block_395,distilbert,22877749,12929636.0,1.7694,5130506.0,4.4592,2.5201,3530,17216
distilbert_block_396,distilbert,23707951,19522543.0,1.2144,8354340.0,2.8378,2.3368,57651,65016
distilbert_block_397,distilbert,35869,30310.0,1.1834,25981.0,1.3806,1.1666,6679,33567
distilbert_block_4,distilbert,24082,20920.0,1.1511,15630.0,1.5408,1.3385,6633,12236
distilbert_block_404,distilbert,36005,41581.0,0.8659,31880.0,1.1294,1.3043,6537,11983
distilbert_block_41,distilbert,59230,37010.0,1.6004,29660.0,1.997,1.2478,6354,11718
distilbert_block_422,distilbert,113176512,83155779.0,1.361,71712477.0,1.5782,1.1596,197085,204136
distilbert_block_453,distilbert,36301,33900.0,1.0708,28191.0,1.2877,1.2025,6597,11897
distilbert_block_455,distilbert,16202,6791.0,2.3858,6670.0,2.4291,1.0181,1689,9084
distilbert_block_456,distilbert,21641,22150.0,0.977,12710.0,1.7027,1.7427,7848,11945
distilbert_block_46,distilbert,21785,21471.0,1.0146,13509.0,1.6126,1.5894,6489,11726
distilbert_block_467,distilbert,23387384,14703976.0,1.5905,5157137.0,4.535,2.8512,19099,24161
distilbert_block_469,distilbert,23119946,10318680.0,2.2406,5325398.0,4.3414,1.9376,5659,8699
distilbert_block_48,distilbert,23268446,9249503.0,2.5156,5170727.0,4.5,1.7888,203382,209757
distilbert_block_485,distilbert,43846,39120.0,1.1208,25701.0,1.706,1.5221,6652,11828
distilbert_block_487,distilbert,24085809,16881879.0,1.4267,7576063.0,3.1792,2.2283,57519,64545
distilbert_block_489,distilbert,23309007,9363055.0,2.4895,5193147.0,4.4884,1.803,203375,209830
distilbert_block_496,distilbert,35147,42120.0,0.8344,37230.0,0.9441,1.1313,6412,11757
distilbert_block_541,distilbert,34619,47290.0,0.7321,23740.0,1.4583,1.992,6590,11952
distilbert_block_543,distilbert,32789,21741.0,1.5082,15200.0,2.1572,1.4303,4430,9989
distilbert_block_545,distilbert,26494,23321.0,1.1361,19850.0,1.3347,1.1749,6925,12051
distilbert_block_89,distilbert,33766,34540.0,0.9776,25340.0,1.3325,1.3631,7789,11896
distilbert_block_90,distilbert,28550,22320.0,1.2791,17880.0,1.5968,1.2483,6597,11626
distilbert_generic_22,distilbert,3233,7414323.0,0.0004,2980.0,1.0849,2488.0279,7253,12035
distilbert_generic_27,distilbert,227528,372052.0,0.6115,209881.0,1.0841,1.7727,38982,45688
efficientnet_b0_block_101,efficientnet_b0,13800147,33121014.0,0.4167,26035035.0,0.5301,1.2722,349458,360392
efficientnet_b0_block_102,efficientnet_b0,20801331,63202879.0,0.3291,27809547.0,0.748,2.2727,436036,448761
efficientnet_b0_block_104,efficientnet_b0,10775447,71127676.0,0.1515,23271296.0,0.463,3.0565,4659,8877
efficientnet_b0_block_115,efficientnet_b0,145284,16142209.0,0.009,156970.0,0.9256,102.8363,1728,9411
efficientnet_b0_block_120,efficientnet_b0,4956,48208956.0,0.0001,3270.0,1.5156,14742.8,11640,16013
efficientnet_b0_block_134,efficientnet_b0,13510096,36094691.0,0.3743,19561812.0,0.6906,1.8452,4750,9131
efficientnet_b0_block_175,efficientnet_b0,17599047,52087105.0,0.3379,24394614.0,0.7214,2.1352,4839,9212
efficientnet_b0_block_183,efficientnet_b0,1029149,23123742.0,0.0445,724045.0,1.4214,31.9369,248481,259687
efficientnet_b0_block_186,efficientnet_b0,544479,20971469.0,0.026,395243.0,1.3776,53.0597,246668,258141
efficientnet_b0_block_189,efficientnet_b0,61601,20477400.0,0.003,49520.0,1.244,413.5178,13828,19893
efficientnet_b0_block_207,efficientnet_b0,12337869,36428424.0,0.3387,17388107.0,0.7096,2.095,12830,17385
efficientnet_b0_block_208,efficientnet_b0,12978988,31175782.0,0.4163,18076301.0,0.718,1.7247,36686,44140
efficientnet_b0_block_213,efficientnet_b0,12461541,37648510.0,0.331,17663179.0,0.7055,2.1315,4830,9402
efficientnet_b0_block_221,efficientnet_b0,126768,16519057.0,0.0077,116471.0,1.0884,141.8298,18090,25198
efficientnet_b0_block_225,efficientnet_b0,20567,39861394.0,0.0005,22170.0,0.9277,1797.988,6140,9838
efficientnet_b0_block_227,efficientnet_b0,25227,19646525.0,0.0013,25440.0,0.9916,772.2691,14401,17902
efficientnet_b0_block_233,efficientnet_b0,11601278,38746387.0,0.2994,11960640.0,0.97,3.2395,253543,265127
efficientnet_b0_block_240,efficientnet_b0,10278817,31654206.0,0.3247,11416737.0,0.9003,2.7726,63390,70575
efficientnet_b0_block_241,efficientnet_b0,10936977,29062100.0,0.3763,11104884.0,0.9849,2.6171,253320,262703
efficientnet_b0_block_245,efficientnet_b0,17628594,29547683.0,0.5966,22753113.0,0.7748,1.2986,63106,71612
efficientnet_b0_block_248,efficientnet_b0,13212981,41378072.0,0.3193,18019132.0,0.7333,2.2963,6027,9249
efficientnet_b0_block_260,efficientnet_b0,751111,24907245.0,0.0302,1020186.0,0.7362,24.4144,17990,26327
efficientnet_b0_block_265,efficientnet_b0,125612,10983224.0,0.0114,112191.0,1.1196,97.8975,1743,9548
efficientnet_b0_block_269,efficientnet_b0,136225,17422662.0,0.0078,130701.0,1.0423,133.3017,18152,26791
efficientnet_b0_block_275,efficientnet_b0,86717,34571763.0,0.0025,232331.0,0.3732,148.8039,13431,19188
efficientnet_b0_block_276,efficientnet_b0,11748216,45968619.0,0.2556,11799249.0,0.9957,3.8959,252276,262816
efficientnet_b0_block_280,efficientnet_b0,4656998,49045668.0,0.095,5398697.0,0.8626,9.0847,36847,48556
efficientnet_b0_block_291,efficientnet_b0,17521602,40024354.0,0.4378,22785444.0,0.769,1.7566,63332,73055
efficientnet_b0_block_300,efficientnet_b0,17720856,45659348.0,0.3881,35714320.0,0.4962,1.2785,328299,338453
efficientnet_b0_block_307,efficientnet_b0,3084087,12871966.0,0.2396,1516140.0,2.0342,8.49,295322,306785
efficientnet_b0_block_314,efficientnet_b0,21587,14240743.0,0.0015,22580.0,0.956,630.6795,5222,9621
efficientnet_b0_block_321,efficientnet_b0,109846,17914935.0,0.0061,224601.0,0.4891,79.7634,13446,19404
efficientnet_b0_block_333,efficientnet_b0,29870538,54527540.0,0.5478,39305554.0,0.76,1.3873,63333,70819
efficientnet_b0_block_339,efficientnet_b0,4211926,16688238.0,0.2524,2118125.0,1.9885,7.8788,350800,360622
efficientnet_b0_block_343,efficientnet_b0,178833,11183335.0,0.016,165641.0,1.0796,67.5155,1886,10181
efficientnet_b0_block_35,efficientnet_b0,2567703,20045178.0,0.1281,3243932.0,0.7915,6.1793,31531,38487
efficientnet_b0_block_350,efficientnet_b0,42672,31143682.0,0.0014,44380.0,0.9615,701.7504,5517,10357
efficientnet_b0_block_352,efficientnet_b0,106774,25106467.0,0.0043,318143.0,0.3356,78.9157,4670,9453
efficientnet_b0_block_36,efficientnet_b0,4147466,29954826.0,0.1385,2923610.0,1.4186,10.2458,597609,610050
efficientnet_b0_block_360,efficientnet_b0,13438516,41744225.0,0.3219,14470958.0,0.9287,2.8847,16119,21220
efficientnet_b0_block_362,efficientnet_b0,23680978,38159943.0,0.6206,22590163.0,1.0483,1.6892,337645,348603
efficientnet_b0_block_387,efficientnet_b0,305646,29884986.0,0.0102,472883.0,0.6463,63.1974,21518,29223
efficientnet_b0_block_403,efficientnet_b0,19306072,37550900.0,0.5141,20908751.0,0.9233,1.7959,81757,91676
efficientnet_b0_block_404,efficientnet_b0,19287948,25169337.0,0.7663,20459278.0,0.9427,1.2302,5402,10204
efficientnet_b0_block_406,efficientnet_b0,23940301,50323065.0,0.4757,22549412.0,1.0617,2.2317,345408,359207
efficientnet_b0_block_407,efficientnet_b0,19272880,39926364.0,0.4827,20284556.0,0.9501,1.9683,18316,22501
efficientnet_b0_block_433,efficientnet_b0,74151,23765409.0,0.0031,168331.0,0.4405,141.1826,14171,20909
efficientnet_b0_block_437,efficientnet_b0,40986,53605778.0,0.0008,44781.0,0.9153,1197.0652,15217,21226
efficientnet_b0_block_441,efficientnet_b0,41051,36161112.0,0.0011,112081.0,0.3663,322.6337,4662,9215
efficientnet_b0_block_442,efficientnet_b0,64747,34579640.0,0.0019,123511.0,0.5242,279.9721,15168,20361
efficientnet_b0_block_451,efficientnet_b0,21036307,31144992.0,0.6754,27444505.0,0.7665,1.1348,5282,10364
efficientnet_b0_block_473,efficientnet_b0,107311,33723325.0,0.0032,223252.0,0.4807,151.055,4687,10557
efficientnet_b0_block_484,efficientnet_b0,13802984,47091415.0,0.2931,28145009.0,0.4904,1.6732,20925,26372
efficientnet_b0_block_487,efficientnet_b0,26455245,65747641.0,0.4024,36602126.0,0.7228,1.7963,42373,49886
efficientnet_b0_block_49,efficientnet_b0,197351,34664929.0,0.0057,762415.0,0.2588,45.4673,4607,10206
efficientnet_b0_block_492,efficientnet_b0,26687429,52198280.0,0.5113,48260685.0,0.553,1.0816,5886,10615
efficientnet_b0_block_496,efficientnet_b0,20540816,58282272.0,0.3524,27263934.0,0.7534,2.1377,5354,10285
efficientnet_b0_block_500,efficientnet_b0,1807836,27388682.0,0.066,1303129.0,1.3873,21.0176,266686,277083
efficientnet_b0_block_51,efficientnet_b0,15142343,23765564.0,0.6372,9420503.0,1.6074,2.5227,596409,607431
efficientnet_b0_block_511,efficientnet_b0,149909,17635471.0,0.0085,169801.0,0.8829,103.8596,18593,25264
efficientnet_b0_block_517,efficientnet_b0,179687,34828241.0,0.0052,309372.0,0.5808,112.5772,19632,25344
efficientnet_b0_block_524,efficientnet_b0,14109138,37812366.0,0.3731,17268527.0,0.817,2.1897,41770,49423
efficientnet_b0_block_540,efficientnet_b0,26864417,38461150.0,0.6985,35109807.0,0.7652,1.0955,485728,496668
efficientnet_b0_block_544,efficientnet_b0,26295391,43941098.0,0.5984,34989686.0,0.7515,1.2558,5726,10847
efficientnet_b0_block_549,efficientnet_b0,1530347,25863114.0,0.0592,942497.0,1.6237,27.4411,268298,278631
efficientnet_b0_block_552,efficientnet_b0,100491,30446778.0,0.0033,130141.0,0.7722,233.9522,18624,25504
efficientnet_b0_block_554,efficientnet_b0,144520,7698010.0,0.0188,303683.0,0.4759,25.3488,18394,25864
efficientnet_b0_block_556,efficientnet_b0,134670,14114724.0,0.0095,154041.0,0.8742,91.6297,5883,10865
efficientnet_b0_block_558,efficientnet_b0,132873,47422266.0,0.0028,147851.0,0.8987,320.7436,19669,25583
efficientnet_b0_block_574,efficientnet_b0,14088220,19450531.0,0.7243,17642129.0,0.7986,1.1025,42394,49791
efficientnet_b0_block_575,efficientnet_b0,15135996,46177229.0,0.3278,18140172.0,0.8344,2.5456,268414,277398
efficientnet_b0_block_577,efficientnet_b0,20522239,36890731.0,0.5563,27069603.0,0.7581,1.3628,349276,360539
efficientnet_b0_block_58,efficientnet_b0,14051698,48931944.0,0.2872,26100196.0,0.5384,1.8748,172558,208990
efficientnet_b0_block_594,efficientnet_b0,1177088,22596307.0,0.0521,923446.0,1.2747,24.4695,242090,250090
efficientnet_b0_block_602,efficientnet_b0,138843,23492542.0,0.0059,323303.0,0.4295,72.6642,19471,25615
efficientnet_b0_block_605,efficientnet_b0,151185,27688624.0,0.0055,194882.0,0.7758,142.0789,18587,26231
efficientnet_b0_block_606,efficientnet_b0,132221,33893645.0,0.0039,155711.0,0.8491,217.6702,21344,27895
efficientnet_b0_block_615,efficientnet_b0,23226064,28931960.0,0.8028,28488212.0,0.8153,1.0156,4578,9226
efficientnet_b0_block_67,efficientnet_b0,3915710,24315916.0,0.161,5570418.0,0.7029,4.3652,42416,49989
efficientnet_b0_block_69,efficientnet_b0,586740,23934745.0,0.0245,584174.0,1.0044,40.9719,1803,9638
efficientnet_b0_block_71,efficientnet_b0,589424,19603762.0,0.0301,613784.0,0.9603,31.9392,41912,49188
efficientnet_b0_block_8,efficientnet_b0,524941,11193158.0,0.0469,547184.0,0.9594,20.4559,1681,9380
efficientnet_b0_block_83,efficientnet_b0,22476911,39879517.0,0.5636,14649128.0,1.5344,2.7223,464854,476012
efficientnet_b0_block_86,efficientnet_b0,13921875,24114895.0,0.5773,7254109.0,1.9192,3.3243,4650,9066
efficientnet_b0_block_87,efficientnet_b0,10915325,49357186.0,0.2211,8233906.0,1.3257,5.9944,173410,189650
efficientnet_b0_block_88,efficientnet_b0,13915100,49336156.0,0.282,7513330.0,1.8521,6.5665,595988,608821
efficientnet_b0_block_95,efficientnet_b0,17389217,53718978.0,0.3237,26321817.0,0.6606,2.0409,253400,266017
efficientnet_b0_conv_2d_nchw_fchw_14,efficientnet_b0,3125,14950388.0,0.0002,2820.0,1.1082,5301.556,11924,17437
efficientnet_b0_generic_1,efficientnet_b0,333243,16318314.0,0.0204,1822342.0,0.1829,8.9546,227054,239311
efficientnet_b0_generic_33,efficientnet_b0,259944,8789366.0,0.0296,259941.0,1.0,33.8129,24337,31784
efficientnet_b0_generic_46,efficientnet_b0,113664,5819600.0,0.0195,105131.0,1.0812,55.3557,17988,25287
efficientnet_b0_generic_55,efficientnet_b0,159754,14885687.0,0.0107,153991.0,1.0374,96.666,22288,28566
efficientnet_b0_generic_64,efficientnet_b0,27487,11932171.0,0.0023,44511.0,0.6175,268.0724,14077,21136
efficientnet_b0_generic_77,efficientnet_b0,42324,8006871.0,0.0053,75011.0,0.5642,106.7426,20774,26818
gat_generic_15,gat,95078,15921263.0,0.006,54840.0,1.7337,290.3221,5708,11424
gin_block_11,gin,4969615,27728280.0,0.1792,7062038.0,0.7037,3.9264,5711,11349
gin_block_12,gin,2526903,26306712.0,0.0961,3617684.0,0.6985,7.2717,4295,21750
gin_block_18,gin,4888129,42576958.0,0.1148,7066227.0,0.6918,6.0254,5709,11405
gin_block_2,gin,1012516,21416520.0,0.0473,1832403.0,0.5526,11.6877,3722,8099
gin_block_22,gin,4981650,23556969.0,0.2115,6957597.0,0.716,3.3858,4170,20493
gin_block_5,gin,3502164,29680488.0,0.118,5239116.0,0.6685,5.6652,4835,10843
gin_block_7,gin,2513125,27311857.0,0.092,3625734.0,0.6931,7.5328,5623,11313
gpt2_batch_matmul_0,gpt2,249269,10962845.0,0.0227,142401.0,1.7505,76.9857,12439,18537
gpt2_block_100,gpt2,51703,78370.0,0.6597,53630.0,0.9641,1.4613,6915,12911
gpt2_block_113,gpt2,47712,96561.0,0.4941,61861.0,0.7713,1.5609,7145,12983
gpt2_block_116,gpt2,50926,98961.0,0.5146,74920.0,0.6797,1.3209,7019,12844
gpt2_block_119,gpt2,34253,52801.0,0.6487,37410.0,0.9156,1.4114,7111,12585
gpt2_block_127,gpt2,34120,22983725.0,0.0015,29690.0,1.1492,774.1234,9017,14538
gpt2_block_137,gpt2,52784,114751.0,0.46,74781.0,0.7058,1.5345,7431,14137
gpt2_block_141,gpt2,47859,105531.0,0.4535,66661.0,0.7179,1.5831,6922,12754
gpt2_block_142,gpt2,50210,59880.0,0.8385,44730.0,1.1225,1.3387,4438,8784
gpt2_block_159,gpt2,63467,106741.0,0.5946,69791.0,0.9094,1.5294,6919,12700
gpt2_block_17,gpt2,52398,109950.0,0.4766,69570.0,0.7532,1.5804,7097,12681
gpt2_block_184,gpt2,54015,94941.0,0.5689,70340.0,0.7679,1.3497,7063,12855
gpt2_block_198,gpt2,55512,121350.0,0.4575,78051.0,0.7112,1.5548,7854,13292
gpt2_block_232,gpt2,32783,44810.0,0.7316,31220.0,1.0501,1.4353,7714,12809
gpt2_block_242,gpt2,49563,82980.0,0.5973,59750.0,0.8295,1.3888,7553,12715
gpt2_block_248,gpt2,48136,53370.0,0.9019,46601.0,1.0329,1.1453,7590,12773
gpt2_block_250,gpt2,36297,42540.0,0.8532,39520.0,0.9184,1.0764,7497,12666
gpt2_block_256,gpt2,39163,24664165.0,0.0016,31090.0,1.2597,793.3151,8977,14172
gpt2_block_271,gpt2,45150,57870.0,0.7802,41610.0,1.0851,1.3908,4467,8626
gpt2_block_285,gpt2,46648,83391.0,0.5594,67921.0,0.6868,1.2278,7478,12570
gpt2_block_289,gpt2,39707,58161.0,0.6827,47460.0,0.8366,1.2255,4466,8483
gpt2_block_315,gpt2,42898,80761.0,0.5312,56051.0,0.7653,1.4408,6953,12451
gpt2_block_318,gpt2,31033,43381.0,0.7154,33830.0,0.9173,1.2823,7780,14335
gpt2_block_33,gpt2,50308,82941.0,0.6066,54611.0,0.9212,1.5188,7365,12503
gpt2_block_331,gpt2,76301,107171.0,0.712,70710.0,1.0791,1.5156,7213,12399
gpt2_block_332,gpt2,36412,58580.0,0.6216,46181.0,0.7885,1.2685,4538,8615
gpt2_block_342,gpt2,35982,30337727.0,0.0012,32510.0,1.1068,933.1814,10320,14372
gpt2_block_352,gpt2,68756,128170.0,0.5364,74831.0,0.9188,1.7128,7404,12492
gpt2_block_358,gpt2,44752,76830.0,0.5825,56991.0,0.7852,1.3481,7338,12344
gpt2_block_376,gpt2,41699,80591.0,0.5174,54501.0,0.7651,1.4787,7264,13658
gpt2_block_400,gpt2,36680,60910.0,0.6022,49010.0,0.7484,1.2428,4503,8587
gpt2_block_417,gpt2,64503,103681.0,0.6221,71110.0,0.9071,1.458,7267,14012
gpt2_block_422,gpt2,36252,40590.0,0.8931,35800.0,1.0126,1.1338,7311,12498
gpt2_block_442,gpt2,51282,91970.0,0.5576,67621.0,0.7584,1.3601,7473,12529
gpt2_block_443,gpt2,35699,57030.0,0.626,42841.0,0.8333,1.3312,4566,8546
gpt2_block_490,gpt2,30346,43820.0,0.6925,32791.0,0.9254,1.3363,7139,12497
gpt2_block_51,gpt2,81976,124480.0,0.6585,80811.0,1.0144,1.5404,7765,12763
gpt2_block_525,gpt2,45558,89410.0,0.5095,63860.0,0.7134,1.4001,7490,12840
gpt2_block_533,gpt2,33768,43200.0,0.7817,31140.0,1.0844,1.3873,7808,13855
gpt2_block_550,gpt2,23958,19500.0,1.2286,17900.0,1.3384,1.0894,1693,8895
gpt2_block_574,gpt2,36367,53031.0,0.6858,41450.0,0.8774,1.2794,7679,12916
gpt2_block_589,gpt2,54608,102261.0,0.534,66450.0,0.8218,1.5389,8150,12946
gpt2_block_591,gpt2,45450,78631.0,0.578,55071.0,0.8253,1.4278,7169,12610
gpt2_block_594,gpt2,30675,43531.0,0.7047,33760.0,0.9086,1.2894,7096,12213
gpt2_block_617,gpt2,45470,50951.0,0.8924,41420.0,1.0978,1.2301,7381,12564
gpt2_block_619,gpt2,30069,44950.0,0.6689,35121.0,0.8562,1.2799,7338,12728
gpt2_block_629,gpt2,45707,89640.0,0.5099,58761.0,0.7778,1.5255,7378,12414
gpt2_block_634,gpt2,54763,76310.0,0.7176,54230.0,1.0098,1.4072,7251,12429
gpt2_block_653,gpt2,69375,111720.0,0.621,78300.0,0.886,1.4268,7246,12609
gpt2_block_654,gpt2,42841,90530.0,0.4732,60160.0,0.7121,1.5048,7486,12560
gpt2_block_658,gpt2,36466,56190.0,0.649,44881.0,0.8125,1.252,4494,8621
gpt2_block_661,gpt2,23876,19240.0,1.241,17621.0,1.355,1.0919,1674,8891
gpt2_block_675,gpt2,63137,97051.0,0.6506,66870.0,0.9442,1.4513,7201,12694
gpt2_block_676,gpt2,41918,57921.0,0.7237,42080.0,0.9962,1.3764,4510,9725
gpt2_block_678,gpt2,41657,54620.0,0.7627,40830.0,1.0203,1.3377,7921,12995
gpt2_block_680,gpt2,34914,38831.0,0.8991,35790.0,0.9755,1.085,7258,12475
gpt2_block_697,gpt2,46896,100520.0,0.4665,61310.0,0.7649,1.6395,7036,12415
gpt2_block_70,gpt2,45805,82561.0,0.5548,60780.0,0.7536,1.3584,7310,12763
gpt2_block_702,gpt2,43924,75781.0,0.5796,53620.0,0.8192,1.4133,7937,12643
gpt2_block_718,gpt2,53231,105631.0,0.5039,71441.0,0.7451,1.4786,7616,14257
gpt2_block_721,gpt2,40441,53340.0,0.7582,42060.0,0.9615,1.2682,7178,12639
gpt2_block_723,gpt2,35846,40540.0,0.8842,33381.0,1.0738,1.2145,8801,12973
gpt2_block_743,gpt2,51416,101260.0,0.5078,79380.0,0.6477,1.2756,7238,12739
gpt2_block_77,gpt2,23610,19070.0,1.2381,17329.0,1.3625,1.1005,1770,9348
gpt2_block_815,gpt2,34843,22507062.0,0.0015,28910.0,1.2052,778.5217,10126,14524
gpt2_block_830,gpt2,37834,56740.0,0.6668,41950.0,0.9019,1.3526,5711,8841
gpt2_block_834,gpt2,35465,40620.0,0.8731,32000.0,1.1083,1.2694,7473,12947
gpt2_block_872,gpt2,62359,108591.0,0.5743,64861.0,0.9614,1.6742,7364,12883
gpt2_block_873,gpt2,40726,57480.0,0.7085,44500.0,0.9152,1.2917,4529,8836
gpt2_block_901,gpt2,46285,21081033.0,0.0022,33750.0,1.3714,624.6232,8987,14334
gpt2_block_912,gpt2,44991,89691.0,0.5016,70440.0,0.6387,1.2733,7028,12562
gpt2_block_916,gpt2,36191,58400.0,0.6197,44971.0,0.8048,1.2986,4482,8727
gpt2_block_917,gpt2,54118,79391.0,0.6817,53611.0,1.0095,1.4809,7000,12442
gpt2_block_936,gpt2,43887,53890.0,0.8144,43070.0,1.019,1.2512,7051,13724
gpt2_block_95,gpt2,45789,89680.0,0.5106,62930.0,0.7276,1.4251,7018,12410
gpt2_block_963,gpt2,37565,42470.0,0.8845,36590.0,1.0266,1.1607,7041,12601
gpt2_block_973,gpt2,62433,99041.0,0.6304,61081.0,1.0221,1.6215,7103,12621
gpt2_block_987,gpt2,38078,16868628.0,0.0023,33780.0,1.1272,499.3673,9204,15787
gpt2_block_998,gpt2,46955,88991.0,0.5276,57841.0,0.8118,1.5385,7191,12396
gpt2_generic_15,gpt2,14811,13996583.0,0.0011,23900.0,0.6197,585.6311,23343,29502
llama3_2_1b_block_1017,llama3_2_1b,234516,228271.0,1.0274,209542.0,1.1192,1.0894,10006,16696
llama3_2_1b_block_1106,llama3_2_1b,201343,182691.0,1.1021,168971.0,1.1916,1.0812,10010,16483
llama3_2_1b_block_113,llama3_2_1b,181825,139981.0,1.2989,139051.0,1.3076,1.0067,9902,16770
llama3_2_1b_block_1210,llama3_2_1b,246515,265552.0,0.9283,246511.0,1.0,1.0772,8063,14031
llama3_2_1b_block_1243,llama3_2_1b,41770,37830.0,1.1042,34310.0,1.2174,1.1026,1427,7479
llama3_2_1b_block_1331,llama3_2_1b,41148,37171.0,1.107,33960.0,1.2117,1.0946,1437,7452
llama3_2_1b_block_1332,llama3_2_1b,193754,141071.0,1.3735,137921.0,1.4048,1.0228,7996,14931
llama3_2_1b_block_168,llama3_2_1b,223668,238542.0,0.9376,207771.0,1.0765,1.1481,8018,13676
llama3_2_1b_block_196,llama3_2_1b,70716,30264586.0,0.0023,121381.0,0.5826,249.3354,11735,16671
llama3_2_1b_block_21,llama3_2_1b,212595,186721.0,1.1386,175102.0,1.2141,1.0664,7995,14027
llama3_2_1b_block_22,llama3_2_1b,41124,37430.0,1.0987,34330.0,1.1979,1.0903,1435,8623
llama3_2_1b_block_222,llama3_2_1b,219527,181981.0,1.2063,167441.0,1.3111,1.0868,8395,15028
llama3_2_1b_block_223,llama3_2_1b,45397,37400.0,1.2138,34021.0,1.3344,1.0993,1419,7438
llama3_2_1b_block_279,llama3_2_1b,249111,280941.0,0.8867,249282.0,0.9993,1.127,9741,16584
llama3_2_1b_block_282,llama3_2_1b,200586,180141.0,1.1135,174132.0,1.1519,1.0345,9890,17108
llama3_2_1b_block_322,llama3_2_1b,233607,280391.0,0.8331,249831.0,0.9351,1.1223,10257,17083
llama3_2_1b_block_325,llama3_2_1b,197469,183331.0,1.0771,174502.0,1.1316,1.0506,9737,16406
llama3_2_1b_block_357,llama3_2_1b,199849,183951.0,1.0864,176101.0,1.1349,1.0446,10743,16604
llama3_2_1b_block_358,llama3_2_1b,42003,37370.0,1.124,34150.0,1.23,1.0943,1835,10089
llama3_2_1b_block_463,llama3_2_1b,41283,37790.0,1.0924,34321.0,1.2028,1.1011,1689,8788
llama3_2_1b_block_488,llama3_2_1b,77892,27961155.0,0.0028,115041.0,0.6771,243.0538,13187,19095
llama3_2_1b_block_508,llama3_2_1b,181820,140801.0,1.2913,137770.0,1.3197,1.022,11079,16431
llama3_2_1b_block_585,llama3_2_1b,205783,183301.0,1.1227,172051.0,1.1961,1.0654,9870,16416
llama3_2_1b_block_586,llama3_2_1b,41104,37210.0,1.1046,35150.0,1.1694,1.0586,1690,9150
llama3_2_1b_block_715,llama3_2_1b,43086,37320.0,1.1545,34170.0,1.2609,1.0922,1685,9310
llama3_2_1b_block_736,llama3_2_1b,63414,9639197.0,0.0066,121091.0,0.5237,79.6029,13361,20011
llama3_2_1b_block_756,llama3_2_1b,182745,141310.0,1.2932,137711.0,1.327,1.0261,9810,16659
llama3_2_1b_block_803,llama3_2_1b,41897,37260.0,1.1244,34610.0,1.2105,1.0766,1717,9179
llama3_2_1b_block_804,llama3_2_1b,181741,152161.0,1.1944,149751.0,1.2136,1.0161,9860,16358
llama3_2_1b_block_842,llama3_2_1b,197444,180681.0,1.0928,171311.0,1.1525,1.0547,9758,15996
llama3_2_1b_block_88,llama3_2_1b,81191,21568437.0,0.0038,120341.0,0.6747,179.2277,14509,19282
llama3_2_1b_block_890,llama3_2_1b,199133,177271.0,1.1233,167852.0,1.1864,1.0561,10793,16291
llama3_2_1b_block_912,llama3_2_1b,71687,21196465.0,0.0034,122021.0,0.5875,173.7116,12856,19158
llama3_2_1b_block_929,llama3_2_1b,239219,228372.0,1.0475,207651.0,1.152,1.0998,9615,16276
llama3_2_1b_block_932,llama3_2_1b,182749,140321.0,1.3024,138511.0,1.3194,1.0131,10052,17862
llama3_2_1b_block_979,llama3_2_1b,41132,37420.0,1.0992,34801.0,1.1819,1.0753,2728,9098
llama3_2_1b_generic_3,llama3_2_1b,41088,37490.0,1.096,33990.0,1.2088,1.103,9569,16258
mobilenet_v3_small_block_109,mobilenet_v3_small,2436600,36615661.0,0.0665,4023647.0,0.6056,9.1001,5987,8990
mobilenet_v3_small_block_111,mobilenet_v3_small,3944880,56384473.0,0.07,5741548.0,0.6871,9.8204,4827,9396
mobilenet_v3_small_block_116,mobilenet_v3_small,1749058,28248432.0,0.0619,3059630.0,0.5717,9.2326,54001,60864
mobilenet_v3_small_block_128,mobilenet_v3_small,1180041,20751476.0,0.0569,766525.0,1.5395,27.0721,227383,237688
mobilenet_v3_small_block_129,mobilenet_v3_small,157844,10228497.0,0.0154,264402.0,0.597,38.6854,13712,19823
mobilenet_v3_small_block_131,mobilenet_v3_small,104813,20005054.0,0.0052,187102.0,0.5602,106.9206,12551,19858
mobilenet_v3_small_block_145,mobilenet_v3_small,812990,32141170.0,0.0253,1234518.0,0.6585,26.0354,4612,8970
mobilenet_v3_small_block_161,mobilenet_v3_small,891994,34314440.0,0.026,1353659.0,0.659,25.3494,13598,18722
mobilenet_v3_small_block_169,mobilenet_v3_small,3098131,60179090.0,0.0515,4188858.0,0.7396,14.3665,4740,9111
mobilenet_v3_small_block_17,mobilenet_v3_small,1199804,47222240.0,0.0254,6338553.0,0.1893,7.45,241104,253068
mobilenet_v3_small_block_177,mobilenet_v3_small,546990,26469433.0,0.0207,374963.0,1.4588,70.5921,194193,205855
mobilenet_v3_small_block_199,mobilenet_v3_small,2555732,44769638.0,0.0571,3657014.0,0.6989,12.2421,4607,9004
mobilenet_v3_small_block_202,mobilenet_v3_small,1360121,39120193.0,0.0348,2139815.0,0.6356,18.282,48575,55423
mobilenet_v3_small_block_209,mobilenet_v3_small,125583,29524488.0,0.0043,242682.0,0.5175,121.6592,10615,16544
mobilenet_v3_small_block_218,mobilenet_v3_small,12387,19299750.0,0.0006,18460.0,0.671,1045.4902,4752,8960
mobilenet_v3_small_block_221,mobilenet_v3_small,5944,29181396.0,0.0002,9911.0,0.5997,2944.3443,4702,8802
mobilenet_v3_small_block_231,mobilenet_v3_small,2189685,31030585.0,0.0706,2347756.0,0.9327,13.2171,202461,210570
mobilenet_v3_small_block_255,mobilenet_v3_small,44751,44054135.0,0.001,143281.0,0.3123,307.4667,9862,15371
mobilenet_v3_small_block_264,mobilenet_v3_small,45968,27001646.0,0.0017,59530.0,0.7722,453.5805,4914,9583
mobilenet_v3_small_block_267,mobilenet_v3_small,20576,29251946.0,0.0007,29710.0,0.6926,984.5825,5164,9369
mobilenet_v3_small_block_274,mobilenet_v3_small,4810685,53586969.0,0.0898,6528794.0,0.7368,8.2078,202374,211652
mobilenet_v3_small_block_276,mobilenet_v3_small,4489930,44349136.0,0.1012,6360283.0,0.7059,6.9728,4883,9424
mobilenet_v3_small_block_277,mobilenet_v3_small,4454059,72073686.0,0.0618,6437384.0,0.6919,11.1961,20369,26486
mobilenet_v3_small_block_280,mobilenet_v3_small,4487244,60647263.0,0.074,6462444.0,0.6944,9.3846,4846,9656
mobilenet_v3_small_block_292,mobilenet_v3_small,70208,27669449.0,0.0025,231171.0,0.3037,119.6926,15375,20911
mobilenet_v3_small_block_295,mobilenet_v3_small,120353,13522843.0,0.0089,142911.0,0.8422,94.6242,1875,11026
mobilenet_v3_small_block_296,mobilenet_v3_small,138675,14996860.0,0.0092,214622.0,0.6461,69.8757,15318,20996
mobilenet_v3_small_block_297,mobilenet_v3_small,219399,21033178.0,0.0104,231552.0,0.9475,90.8357,15290,20937
mobilenet_v3_small_block_299,mobilenet_v3_small,194769,30196210.0,0.0065,230231.0,0.846,131.1561,5268,10016
mobilenet_v3_small_block_302,mobilenet_v3_small,93143,36689591.0,0.0025,115671.0,0.8052,317.1892,4765,9151
mobilenet_v3_small_block_308,mobilenet_v3_small,3400078,31339296.0,0.1085,4190868.0,0.8113,7.478,5175,10136
mobilenet_v3_small_block_312,mobilenet_v3_small,4090765,57474118.0,0.0712,4637081.0,0.8822,12.3945,215710,226897
mobilenet_v3_small_block_326,mobilenet_v3_small,2849628,31891508.0,0.0894,4495720.0,0.6339,7.0937,10663,14907
mobilenet_v3_small_block_329,mobilenet_v3_small,4469096,50305604.0,0.0888,6505694.0,0.687,7.7325,6081,9576
mobilenet_v3_small_block_342,mobilenet_v3_small,138638,32930963.0,0.0042,200052.0,0.693,164.612,16151,21343
mobilenet_v3_small_block_343,mobilenet_v3_small,211484,26001221.0,0.0081,261051.0,0.8101,99.6021,15019,21010
mobilenet_v3_small_block_346,mobilenet_v3_small,195120,42129586.0,0.0046,223582.0,0.8727,188.4301,23264,28460
mobilenet_v3_small_block_358,mobilenet_v3_small,3609178,41320642.0,0.0873,4171769.0,0.8651,9.9048,5165,9947
mobilenet_v3_small_block_365,mobilenet_v3_small,6441873,18008794.0,0.3577,8479787.0,0.7597,2.1237,5101,9794
mobilenet_v3_small_block_369,mobilenet_v3_small,6208768,45615924.0,0.1361,8496138.0,0.7308,5.369,232592,244898
mobilenet_v3_small_block_382,mobilenet_v3_small,2857890,22031483.0,0.1297,4494050.0,0.6359,4.9024,6809,11659
mobilenet_v3_small_block_49,mobilenet_v3_small,24457,11026311.0,0.0022,20600.0,1.1872,535.2578,1660,9433
mobilenet_v3_small_block_5,mobilenet_v3_small,63115,11029332.0,0.0057,33660.0,1.8751,327.6688,1678,9001
mobilenet_v3_small_block_51,mobilenet_v3_small,26878,16135915.0,0.0017,20580.0,1.306,784.0581,8338,14298
mobilenet_v3_small_block_66,mobilenet_v3_small,2444945,15673271.0,0.156,4016937.0,0.6087,3.9018,25984,32275
mobilenet_v3_small_block_69,mobilenet_v3_small,2587744,33854045.0,0.0764,4087917.0,0.633,8.2815,4625,9044
mobilenet_v3_small_block_81,mobilenet_v3_small,169908,19747182.0,0.0086,338882.0,0.5014,58.2716,13044,20850
mobilenet_v3_small_block_82,mobilenet_v3_small,1172081,19942133.0,0.0588,773225.0,1.5158,25.7909,226374,237692
mobilenet_v3_small_block_91,mobilenet_v3_small,22248,3662467.0,0.0061,19060.0,1.1673,192.1546,5788,9131
mobilenet_v3_small_conv_2d_nchw_fchw_10,mobilenet_v3_small,2322,8631861.0,0.0003,2980.0,0.7792,2896.5977,11925,16208
mobilenet_v3_small_conv_2d_nchw_fchw_20,mobilenet_v3_small,1226400,10353693.0,0.1185,1964184.0,0.6244,5.2712,48435,54477
mobilenet_v3_small_conv_2d_nchw_fchw_21,mobilenet_v3_small,6572,8551853.0,0.0008,7780.0,0.8447,1099.2099,12166,17433
mobilenet_v3_small_conv_2d_nchw_fchw_25,mobilenet_v3_small,25157,4880955.0,0.0052,23420.0,1.0742,208.4097,15563,20496
mobilenet_v3_small_conv_2d_nchw_fchw_27,mobilenet_v3_small,1635150,4337482.0,0.377,2026883.0,0.8067,2.14,47552,54048
mobilenet_v3_small_conv_2d_nchw_fchw_5,mobilenet_v3_small,1613243,10230033.0,0.1577,818275.0,1.9715,12.5019,192619,206681
mobilenet_v3_small_generic_25,mobilenet_v3_small,12608,5627639.0,0.0022,36411.0,0.3463,154.5588,26939,32477
mobilenet_v3_small_generic_28,mobilenet_v3_small,22040,8949675.0,0.0025,20630.0,1.0683,433.8185,8239,14022
mobilenet_v3_small_generic_56,mobilenet_v3_small,157,260.0,0.6038,230.0,0.6826,1.1304,5682,9364
mobilenet_v3_small_generic_58,mobilenet_v3_small,192,290.0,0.6621,250.0,0.768,1.16,4813,9224
mobilenet_v3_small_generic_81,mobilenet_v3_small,38104,9103167.0,0.0042,186621.0,0.2042,48.7789,41412,48347
mobilenet_v3_small_generic_93,mobilenet_v3_small,179,440.0,0.4068,330.0,0.5424,1.3333,4910,9527
resnet50_block_405,resnet50,271944,18029087.0,0.0151,790306.0,0.3441,22.8128,27499,33932
resnet50_generic_35,resnet50,187243,13047430.0,0.0144,452713.0,0.4136,28.8205,119780,133130
resnet50_generic_40,resnet50,97720,10512137.0,0.0093,226402.0,0.4316,46.4313,65991,91496
resnet50_generic_8,resnet50,401019,5613110.0,0.0714,2111244.0,0.1899,2.6587,440620,460768
resnext50_block_373,resnext50,282756,39082717.0,0.0072,898896.0,0.3146,43.4786,27280,33530
resnext50_generic_6,resnext50,167934,17715189.0,0.0095,1048208.0,0.1602,16.9005,226169,245802
resnext50_pooling_nchw_sum_0,resnext50,48980,9773084.0,0.005,56550.0,0.8661,172.822,69393,74706
single_bench_3812,single_bench,212058,4681926.0,0.0453,4406040.0,0.0481,1.0626,52794,61148
single_bench_3817,single_bench,98380,14190199.0,0.0069,3821696.0,0.0257,3.7131,34970,43543
single_bench_3886,single_bench,291363,11077111.0,0.0263,1028377.0,0.2833,10.7714,59816,68601
single_bench_3913,single_bench,674605,10212497.0,0.0661,2139674.0,0.3153,4.7729,111920,121235
single_bench_3916,single_bench,784338,14559940.0,0.0539,2510677.0,0.3124,5.7992,127217,136114
t5_block_1,t5,10742,4870.0,2.2057,4611.0,2.3296,1.0562,1824,9485
t5_block_108,t5,41249066,36530723.0,1.1292,31132180.0,1.325,1.1734,91742,98414
t5_block_114,t5,10474416,12655560.0,0.8277,5700028.0,1.8376,2.2203,30372,36598
t5_block_133,t5,45129338,37047686.0,1.2181,36563346.0,1.2343,1.0132,2482,6088
t5_block_142,t5,10457980,9415503.0,1.1107,4325849.0,2.4176,2.1766,87104,92202
t5_block_143,t5,22952,34490.0,0.6655,22931.0,1.0009,1.5041,5959,10839
t5_block_146,t5,17144,18841.0,0.9099,15810.0,1.0844,1.1917,6097,10859
t5_block_164,t5,10384813,14596502.0,0.7115,4330869.0,2.3979,3.3703,14049,20011
t5_block_191,t5,10306,5200.0,1.9819,4500.0,2.2902,1.1556,1819,9542
t5_block_194,t5,11163674,28186329.0,0.3961,7447201.0,1.499,3.7848,2607,6538
t5_block_223,t5,10436952,15371766.0,0.679,4294639.0,2.4302,3.5793,2857,16250
t5_block_231,t5,23836,33181.0,0.7184,29220.0,0.8157,1.1356,6314,11888
t5_block_253,t5,10375846,18099002.0,0.5733,4293829.0,2.4165,4.2151,4444,10249
t5_block_262,t5,10448457,17246177.0,0.6058,4268989.0,2.4475,4.0399,2864,15589
t5_block_270,t5,10419016,9901796.0,1.0522,4340230.0,2.4006,2.2814,89908,95514
t5_block_276,t5,10426315,11993118.0,0.8694,4296859.0,2.4265,2.7911,89503,95452
t5_block_3,t5,13161,11460.0,1.1484,8030.0,1.639,1.4271,13557,19863
t5_block_307,t5,10452585,15908810.0,0.657,4329619.0,2.4142,3.6744,89131,93231
t5_block_312,t5,10496597,13301205.0,0.7891,5676308.0,1.8492,2.3433,30182,38003
t5_block_318,t5,10396060,13091924.0,0.7941,4347309.0,2.3914,3.0115,87413,92966
t5_block_321,t5,19374,24220.0,0.7999,16471.0,1.1762,1.4705,7344,11676
t5_block_323,t5,10317,4861.0,2.1224,4640.0,2.2235,1.0476,1652,10477
t5_block_326,t5,44774074,44081828.0,1.0157,34633633.0,1.2928,1.2728,2434,6240
t5_block_328,t5,10367166,12795242.0,0.8102,4293539.0,2.4146,2.9801,2875,14505
t5_block_329,t5,10463225,13913039.0,0.752,5858379.0,1.786,2.3749,30288,36875
t5_block_340,t5,10437179,8083386.0,1.2912,4289019.0,2.4335,1.8847,13548,21287
t5_block_363,t5,23281,33851.0,0.6877,26450.0,0.8802,1.2798,6223,11589
t5_block_367,t5,10366,5240.0,1.9782,4360.0,2.3775,1.2018,1683,9182
t5_block_400,t5,10559388,12298429.0,0.8586,5681638.0,1.8585,2.1646,30332,37319
t5_block_409,t5,20012,26320.0,0.7603,16750.0,1.1947,1.5713,6160,11512
t5_block_410,t5,17105,17711.0,0.9658,15150.0,1.129,1.169,6304,12628
t5_block_420,t5,10448507,9398713.0,1.1117,4313569.0,2.4222,2.1789,4554,9222
t5_block_424,t5,10456429,5736582.0,1.8228,4313349.0,2.4242,1.33,4507,9167
t5_block_437,t5,10384553,10894312.0,0.9532,4350839.0,2.3868,2.504,87131,92835
t5_block_449,t5,11149403,35711281.0,0.3122,7103247.0,1.5696,5.0275,2423,6299
t5_block_45,t5,77119367,99261711.0,0.7769,90322258.0,0.8538,1.099,2391,6308
t5_block_5,t5,10369894,14956025.0,0.6934,4308549.0,2.4068,3.4712,4487,9272
t5_block_53,t5,10572264,18775346.0,0.5631,4324320.0,2.4448,4.3418,2840,14179
t5_block_62,t5,16597,15100.0,1.0991,12600.0,1.3172,1.1984,6187,11648
t5_block_68,t5,10452127,19633652.0,0.5324,4270289.0,2.4476,4.5977,2903,16409
t5_block_69,t5,10469662,16051362.0,0.6523,5730839.0,1.8269,2.8009,31143,37552
t5_block_76,t5,10408066,11046532.0,0.9422,4314909.0,2.4121,2.5601,4868,9129
t5_block_79,t5,10447177,16055430.0,0.6507,4313039.0,2.4222,3.7225,4511,9666
t5_block_81,t5,10186104,13586837.0,0.7497,4311869.0,2.3623,3.151,12792,19125
t5_block_96,t5,10452374,14932296.0,0.7,4247709.0,2.4607,3.5154,2835,16028
t5_generic_14,t5,1478,4400.0,0.3359,2150.0,0.6874,2.0465,4162,8282
vgg16_generic_4,vgg16,61766,16430794.0,0.0038,212911.0,0.2901,77.1721,66209,75421
vit_b_16_block_122,vit_b_16,467900,3501740.0,0.1336,2224075.0,0.2104,1.5745,21684,29833
vit_b_16_block_16,vit_b_16,189469,269281.0,0.7036,144461.0,1.3116,1.864,1726,9559
vit_b_16_block_162,vit_b_16,423353,2688795.0,0.1575,1713181.0,0.2471,1.5695,21718,29692
vit_b_16_block_171,vit_b_16,390805,2616165.0,0.1494,1763132.0,0.2217,1.4838,21871,30068
vit_b_16_block_244,vit_b_16,471342,3386899.0,0.1392,2263495.0,0.2082,1.4963,2594,5773
vit_b_16_block_253,vit_b_16,449485,3068998.0,0.1465,2009564.0,0.2237,1.5272,2646,5843
vit_b_16_block_291,vit_b_16,617214,3546920.0,0.174,2358536.0,0.2617,1.5039,21554,29071
vit_b_16_block_294,vit_b_16,414381,2652585.0,0.1562,2104814.0,0.1969,1.2602,2658,5852
vit_b_16_block_3,vit_b_16,189224,274811.0,0.6886,146331.0,1.2931,1.878,1667,9666
vit_b_16_block_303,vit_b_16,487171,3029837.0,0.1608,2002123.0,0.2433,1.5133,22698,29401
vit_b_16_block_308,vit_b_16,195918,272661.0,0.7185,132651.0,1.4769,2.0555,1691,9642
vit_b_16_block_411,vit_b_16,489525,3662441.0,0.1337,2408646.0,0.2032,1.5205,12892,16766
vit_b_16_block_412,vit_b_16,483415,3352829.0,0.1442,2286116.0,0.2115,1.4666,2609,5422
vit_b_16_block_414,vit_b_16,425351,2544845.0,0.1671,1720432.0,0.2472,1.4792,13307,16702
vit_b_16_block_45,vit_b_16,412451,2592935.0,0.1591,1736072.0,0.2376,1.4936,14031,16720
vit_b_16_block_461,vit_b_16,348875,2089213.0,0.167,1500320.0,0.2325,1.3925,4912,8441
vit_b_16_block_464,vit_b_16,189026,258032.0,0.7326,138411.0,1.3657,1.8642,1776,9918
vit_b_16_block_484,vit_b_16,324640,1828151.0,0.1776,1180987.0,0.2749,1.548,13734,16665
vit_b_16_block_519,vit_b_16,346786,2095832.0,0.1655,1488690.0,0.2329,1.4078,4537,8129
vit_b_16_block_53,vit_b_16,446510,3046268.0,0.1466,1987223.0,0.2247,1.5329,12770,16758
vit_b_16_block_548,vit_b_16,476999,3193878.0,0.1493,2193424.0,0.2175,1.4561,12836,16753
vit_b_16_block_586,vit_b_16,323312,1752190.0,0.1845,1179588.0,0.2741,1.4854,13411,16820
vit_b_16_block_59,vit_b_16,260778,1176027.0,0.2217,747025.0,0.3491,1.5743,12790,16730
vit_b_16_block_654,vit_b_16,197596,258481.0,0.7645,131831.0,1.4989,1.9607,1780,9019
vit_b_16_block_670,vit_b_16,399869,2604865.0,0.1535,1828193.0,0.2187,1.4248,13547,16752
vit_b_16_block_675,vit_b_16,385569,2534674.0,0.1521,1756322.0,0.2195,1.4432,13356,18239
vit_b_16_block_742,vit_b_16,403306,2592135.0,0.1556,1752832.0,0.2301,1.4788,12773,16886
vit_b_16_block_744,vit_b_16,195698,255172.0,0.7669,134421.0,1.4559,1.8983,1741,9032
vit_b_16_block_75,vit_b_16,481822,3574961.0,0.1348,2398216.0,0.2009,1.4907,13308,17106
vit_b_16_block_84,vit_b_16,470530,3249929.0,0.1448,2208405.0,0.2131,1.4716,14172,16894
vit_b_16_block_89,vit_b_16,188724,266442.0,0.7083,140431.0,1.3439,1.8973,1788,9874
vit_b_16_generic_10,vit_b_16,221136739,2923273389.0,0.0756,2618883085.0,0.0844,1.1162,162381,170701
vit_b_16_generic_17,vit_b_16,263698,13006885.0,0.0203,2044428.5,0.129,6.3621,242527,264680
whisper_base_block_10,whisper_base,2632519,27222367.0,0.0967,18997858.0,0.1386,1.4329,69840,76456
whisper_base_block_139,whisper_base,2611790,74600830.0,0.035,33037353.0,0.0791,2.2581,4818,7085
whisper_base_block_14,whisper_base,2995458,84594027.0,0.0354,32812522.0,0.0913,2.5781,2777,5432
whisper_base_block_140,whisper_base,2348027,121952583.0,0.0193,65006089.0,0.0361,1.876,71499,76747
whisper_base_block_182,whisper_base,2567757,115984289.0,0.0221,41468920.0,0.0619,2.7969,70687,77260
whisper_base_block_199,whisper_base,1636793,27534019.0,0.0594,16572802.0,0.0988,1.6614,71212,77542
whisper_base_block_200,whisper_base,956794,4667167.0,0.205,2849069.0,0.3358,1.6381,1872,10450
whisper_base_block_230,whisper_base,2081827,46735070.0,0.0445,27086183.0,0.0769,1.7254,4808,7209
whisper_base_block_245,whisper_base,956042,4609716.0,0.2074,2885569.0,0.3313,1.5975,1833,10675
whisper_base_block_246,whisper_base,1328032,19915835.0,0.0667,10130098.0,0.1311,1.966,72057,80025
whisper_base_block_283,whisper_base,2347503,61196113.0,0.0384,41446390.0,0.0566,1.4765,72002,80658
whisper_base_block_297,whisper_base,2263559,75927059.0,0.0298,35920873.0,0.063,2.1137,69647,77157
whisper_base_block_298,whisper_base,1738350,46060316.0,0.0377,19682123.0,0.0883,2.3402,5653,9456
whisper_base_block_383,whisper_base,2417881,48823031.0,0.0495,37084770.0,0.0652,1.3165,3725,7156
whisper_base_block_433,whisper_base,1940758,44327316.0,0.0438,29580521.0,0.0656,1.4985,72587,80639
whisper_base_block_442,whisper_base,2336993,47465465.0,0.0492,33284687.0,0.0702,1.426,3691,7320
whisper_base_block_443,whisper_base,2254863,82242455.0,0.0274,36363697.0,0.062,2.2617,72160,80419
whisper_base_block_444,whisper_base,1746123,22184768.0,0.0787,19184120.0,0.091,1.1564,5615,9567
whisper_base_block_482,whisper_base,2401826,73167003.0,0.0328,37035762.0,0.0649,1.9756,3630,7269
whisper_base_block_49,whisper_base,954340,4643557.0,0.2055,2937270.0,0.3249,1.5809,1808,9362
whisper_base_block_494,whisper_base,2327400,73715407.0,0.0316,32883964.0,0.0708,2.2417,3663,7224
whisper_base_block_495,whisper_base,2251961,79996934.0,0.0282,36617069.0,0.0615,2.1847,72183,80081
whisper_base_block_498,whisper_base,1617330,19203402.0,0.0842,16726174.0,0.0967,1.1481,72166,78259
whisper_base_block_526,whisper_base,2258439,65819051.0,0.0343,39234247.0,0.0576,1.6776,72820,79503
whisper_base_block_528,whisper_base,2021400,63698930.0,0.0317,26979244.0,0.0749,2.361,3671,7089
whisper_base_block_543,whisper_base,954693,4677097.0,0.2041,2862259.0,0.3335,1.6341,1788,9298
whisper_base_block_544,whisper_base,1294502,14160002.0,0.0914,9928679.0,0.1304,1.4262,70163,78545
whisper_base_block_583,whisper_base,1740279,33015732.0,0.0527,18696261.0,0.0931,1.7659,5624,9535
whisper_base_block_585,whisper_base,1614863,18787479.0,0.086,16506415.0,0.0978,1.1382,71926,80109
whisper_base_block_85,whisper_base,2021971,45176662.0,0.0448,26982538.0,0.0749,1.6743,3661,7182
whisper_base_block_97,whisper_base,1750503,47174013.0,0.0371,19016392.0,0.0921,2.4807,5486,9664
whisper_base_block_99,whisper_base,1606278,22843832.0,0.0703,18501449.0,0.0868,1.2347,72189,79972
yolov8m_conv_2d_nchw_fchw_17,yolov8m,423670,12728695.0,0.0333,417513.0,1.0147,30.4869,37631,45926
